row_number,status,review_comment,raw_line,columns_count,parsed_service,parsed_test,parsed_biomaterial,parsed_unit,parsed_method
1,skipped_header,,"Наименование исследование.,Наименование тест.,БМ,Единицы измерения,Референсные значения НИЖНИЙ предел,Референсные значения ВЕРХНИЙ предел,Референсные группы,Критическое значение ниже нормы,Критическое значение выше нормы,""Метод исследования ",10,Наименование исследование.,Наименование тест.,БМ,Единицы измерения,Метод исследования
2,skipped_header,,(указывается при необходимости),1,(указывается при необходимости),,,,
3,skipped_header,,""",Раздел,Подраздел,Синонимы русский,Синонимы английский",1,",Раздел,Подраздел,Синонимы русский,Синонимы английский",,,,
59,invalid_column_count,invalid_column_count,",,,,,<250,1 день,,,""Расчет производился на основе опубликованных референсных диапазонов по ",10,,,,,Расчет производился на основе опубликованных референсных диапазонов по
60,invalid_column_count,invalid_column_count,определению щелочной фосфатазы с помощью оптического метода (DGKC),1,определению щелочной фосфатазы с помощью оптического метода (DGKC),,,,
61,invalid_column_count,invalid_column_count,13 с ,1,13 с,,,,
62,invalid_column_count,invalid_column_count,"использованием коэффициента 0.417, полученного при сравнении методов. Согласованные значения",2,использованием коэффициента 0.417,полученного при сравнении методов. Согласованные значения,,,
63,invalid_column_count,invalid_column_count,""",,,,",1,",,,,",,,,
138,invalid_column_count,invalid_column_count,"Креатинфосфокиназа,Креатинфосфокиназа,Сыв-ка крови,Ед/л,,<712,1 день,–,>1000,""МФКХ",10,Креатинфосфокиназа,Креатинфосфокиназа,Сыв-ка крови,Ед/л,МФКХ
139,invalid_column_count,invalid_column_count,"НОКХ, оптимизированный, рекоменд., 1972"",Биохимия крови,Ферменты,КФК,""CK, Creatine kinase""",5,НОКХ,оптимизированный,рекоменд.,"1972,Биохимия крови,Ферменты,КФК,CK",
156,invalid_column_count,invalid_column_count,"""Креатинфосфокиназа МВ-фракция (ИХ фракиця)",1,Креатинфосфокиназа МВ-фракция (ИХ фракиця),,,,
157,invalid_column_count,invalid_column_count,""",""Креатинфосфокиназа МВ-фракция (ИХ фракиця)",1,",Креатинфосфокиназа МВ-фракция (ИХ фракиця)",,,,
158,invalid_column_count,invalid_column_count,""",,нг/мл,,<5,>18 лет,,,""Массовая концентрация, предварительный референтный интервал для анализаторва Elicsys"",,,,",2,",,нг/мл,,<5,>18 лет,,,Массовая концентрация","предварительный референтный интервал для анализаторва Elicsys,,,,",,,
301,needs_review,unit_conflict_for_same_test_context,",Клиренс эндогенного креатинина,,""мл/мин/1,73 м2"",60,,18-90 лет,,,Расчетный,,,,",14,Клиренс креатинина расчетный (CKD-EPI),Клиренс эндогенного креатинина,Сыв-ка крови,"мл/мин/1,73 м2",Расчетный
327,invalid_column_count,invalid_column_count,"Глюкоза,Глюкоза,Плазма с фторидом натрия,ммоль/л,2.22,3.33,""Новорожденные (1 день)",7,Глюкоза,Глюкоза,Плазма с фторидом натрия,ммоль/л,
328,invalid_column_count,invalid_column_count,""",<2.5,>20,Ферментативный референсный метод с гексокиназой. ,БИОХИМИЧЕСКИЕ ИССЛЕДОВАНИЯ КРОВИ,Обмен углеводов,""Сахар крови, гликемия, глюкоза плазмы"",""Glucose, Blood Sugar, Plasma Glucose""",5,",<2.5,>20,Ферментативный референсный метод с гексокиназой. ,БИОХИМИЧЕСКИЕ ИССЛЕДОВАНИЯ КРОВИ,Обмен углеводов,Сахар крови",гликемия,"глюкоза плазмы,Glucose",Blood Sugar,
329,needs_review,unit_conflict_for_same_test_context,",,,ммоль/л,2.78,4.44,1 день - 1 месяц,,,,,,,",14,"Иммуноэлектрофорез-скрининг (дифференцировка гаммапатии: лямбда-цепи, капа-цепи иммуноглобулинов)",Лямбда-цепи иммуноглобулино в сыворотке,Сыв-ка крови,ммоль/л,Электрофорез
336,invalid_column_count,invalid_column_count,"""Глюкозотолерантный тест сокращенный (глюкоза натощак, глюкоза через 2 часа после нагрузки)"",Глюкоза (натощак),Плазма с фторидом натрия,ммоль/л,2.22,3.33,""Новорожденные (1 день)",7,"Глюкозотолерантный тест сокращенный (глюкоза натощак, глюкоза через 2 часа после нагрузки)",Глюкоза (натощак),Плазма с фторидом натрия,ммоль/л,
337,invalid_column_count,invalid_column_count,""",,,Ферментативный референсный метод с гексокиназой. ,БИОХИМИЧЕСКИЕ ИССЛЕДОВАНИЯ КРОВИ,Обмен углеводов,""ГТТ (2-часовая проба), тест на толерантность к глюкозе"",""Oral Glucose Tolerance Test (OGTT), 2-hour GTT""",3,",,,Ферментативный референсный метод с гексокиназой. ,БИОХИМИЧЕСКИЕ ИССЛЕДОВАНИЯ КРОВИ,Обмен углеводов,ГТТ (2-часовая проба)","тест на толерантность к глюкозе,Oral Glucose Tolerance Test (OGTT)",2-hour GTT,,
338,needs_review,unit_conflict_for_same_test_context,",,,ммоль/л,2.78,4.44,1 день - 1 месяц,,,,,,,",14,Фруктозамин,Фруктозамин,Сыв-ка крови,ммоль/л,Колориметрический тест.
343,invalid_column_count,invalid_column_count,"""Глюкозотолерантный тест базовый (глюкоза натощак, глюкоза через 1 час и через 2 часа после нагрузки)"",Глюкоза (натощак),Плазма с фторидом натрия,ммоль/л,2.22,3.33,""Новорожденные (1 день)",7,"Глюкозотолерантный тест базовый (глюкоза натощак, глюкоза через 1 час и через 2 часа после нагрузки)",Глюкоза (натощак),Плазма с фторидом натрия,ммоль/л,
344,invalid_column_count,invalid_column_count,""",,,Ферментативный референсный метод с гексокиназой. ,БИОХИМИЧЕСКИЕ ИССЛЕДОВАНИЯ КРОВИ,Обмен углеводов,""ГТТ (1 и 2 часа), стандартный тест на толерантность к глюкозе"",""Standard OGTT, 1-hour & 2-hour GTT""",3,",,,Ферментативный референсный метод с гексокиназой. ,БИОХИМИЧЕСКИЕ ИССЛЕДОВАНИЯ КРОВИ,Обмен углеводов,ГТТ (1 и 2 часа)","стандартный тест на толерантность к глюкозе,Standard OGTT",1-hour & 2-hour GTT,,
351,invalid_column_count,invalid_column_count,"""Глюкозотолерантный тест расширенный (глюкоза, инсулин, С-пептид натощак и через 2 часа после нагрузки)"",Глюкоза (натощак),""Сыв-ка крови, плазма с фторидом натрия"",ммоль/л,2.22,3.33,""Новорожденные (1 день)",7,"Глюкозотолерантный тест расширенный (глюкоза, инсулин, С-пептид натощак и через 2 часа после нагрузки)",Глюкоза (натощак),"Сыв-ка крови, плазма с фторидом натрия",ммоль/л,
352,invalid_column_count,invalid_column_count,""",,,Ферментативный референсный метод с гексокиназой. ,БИОХИМИЧЕСКИЕ ИССЛЕДОВАНИЯ КРОВИ,Обмен углеводов,""ГТТ с инсулином и С-пептидом, расширенная проба на толерантность"",Extended OGTT with Insulin & C-peptide",2,",,,Ферментативный референсный метод с гексокиназой. ,БИОХИМИЧЕСКИЕ ИССЛЕДОВАНИЯ КРОВИ,Обмен углеводов,ГТТ с инсулином и С-пептидом","расширенная проба на толерантность,Extended OGTT with Insulin & C-peptide",,,
362,invalid_column_count,invalid_column_count,"Индекс HOMA,Глюкоза (натощак),,ммоль/л,2.22,3.33,""Новорожденные (1 день)",7,Индекс HOMA,Глюкоза (натощак),,ммоль/л,
363,invalid_column_count,invalid_column_count,""",,,Ферментативный референсный метод с гексокиназой. ,БИОХИМИЧЕСКИЕ ИССЛЕДОВАНИЯ КРОВИ,Обмен углеводов,""Индекс инсулинорезистентности, HOMA-IR"",Homeostatic Model Assessment (HOMA-IR)",2,",,,Ферментативный референсный метод с гексокиназой. ,БИОХИМИЧЕСКИЕ ИССЛЕДОВАНИЯ КРОВИ,Обмен углеводов,Индекс инсулинорезистентности","HOMA-IR,Homeostatic Model Assessment (HOMA-IR)",,,
364,needs_review,unit_conflict_for_same_test_context,",,,ммоль/л,2.78,4.44,1 день - 1 месяц,,,,,,,",14,Фруктозамин,С-пептид (через 2 ч),Плазма с фторидом натрия,ммоль/л,Хемилюминесцентный иммуноанализ
449,invalid_column_count,invalid_column_count,"Магний,Магний,Сыв-ка крови,ммоль/л,0.62,0.91,Новорожденные,,,""Метод колориметрического определения по конечной точке",10,Магний,Магний,Сыв-ка крови,ммоль/л,Метод колориметрического определения по конечной точке
450,invalid_column_count,invalid_column_count,"."",БИОХИМИЧЕСКИЕ ИССЛЕДОВАНИЯ КРОВИ,Электролиты и микроэлементы,""Магний сывороточный, Mg"",""Magnesium, Serum Magnesium, Mg""",4,".,БИОХИМИЧЕСКИЕ ИССЛЕДОВАНИЯ КРОВИ,Электролиты и микроэлементы,Магний сывороточный","Mg,Magnesium",Serum Magnesium,Mg,
739,needs_review,unit_conflict_for_same_test_context,",,Кровь венозная с ЭДТА,(%),44.0,72.0,Дети (0 – 2 дня),,,,,,,",14,Общий анализ крови,Гемоглобин (Hb),Кровь венозная с ЭДТА,(%),Лазеро-оптический метод и количественная капиллярная фотометрия
1098,invalid_column_count,invalid_column_count,"ТТГ (тиреотропный гормон),ТТГ (тиреотропный гормон),Сыв-ка крови,мМЕ/мл,0.98,5.63,5 дней - 12 месяцев,,,ИХЛА,Гормональные исследования,Щитовидная железа                ,""Тиреотропин,",13,ТТГ (тиреотропный гормон),ТТГ (тиреотропный гормон),Сыв-ка крови,мМЕ/мл,ИХЛА
1099,invalid_column_count,invalid_column_count,"Тиротропин,",2,Тиротропин,,,,
1100,invalid_column_count,invalid_column_count,"TSH,",2,TSH,,,,
1101,invalid_column_count,invalid_column_count,"Гормон гипофиза (тиреотропный),",2,Гормон гипофиза (тиреотропный),,,,
1102,invalid_column_count,invalid_column_count,"Тиреостимулирующий гормон,",2,Тиреостимулирующий гормон,,,,
1103,invalid_column_count,invalid_column_count,"ТТГ сывороточный"",""TSH,",2,"ТТГ сывороточный,TSH",,,,
1104,invalid_column_count,invalid_column_count,"Thyrotropin,",2,Thyrotropin,,,,
1105,invalid_column_count,invalid_column_count,"Thyroid-stimulating hormone,",2,Thyroid-stimulating hormone,,,,
1106,invalid_column_count,invalid_column_count,"Pituitary thyrotropin,",2,Pituitary thyrotropin,,,,
1107,invalid_column_count,invalid_column_count,"Serum TSH,",2,Serum TSH,,,,
1108,invalid_column_count,invalid_column_count,"Thyrotropic hormone""",1,Thyrotropic hormone,,,,
1113,invalid_column_count,invalid_column_count,"Т4 свободный,Т4 свободный,Сыв-ка крови,пмоль/л,11.4,19.5,5 дней - 12 месяцев,,,ИХЛА,,,""Свободный тироксин,",13,Т4 свободный,Т4 свободный,Сыв-ка крови,пмоль/л,ИХЛА
1114,invalid_column_count,invalid_column_count,"fT4,",2,fT4,,,,
1115,invalid_column_count,invalid_column_count,"Несвязанный Т4,",2,Несвязанный Т4,,,,
1116,invalid_column_count,invalid_column_count,"Тироксин свободная фракция,",2,Тироксин свободная фракция,,,,
1117,invalid_column_count,invalid_column_count,"Free T4,",2,Free T4,,,,
1118,invalid_column_count,invalid_column_count,"Активная форма тироксина"",""Free Thyroxine,",2,"Активная форма тироксина,Free Thyroxine",,,,
1119,invalid_column_count,invalid_column_count,"fT4,",2,fT4,,,,
1120,invalid_column_count,invalid_column_count,"Free T4,",2,Free T4,,,,
1121,invalid_column_count,invalid_column_count,"Unbound thyroxine,",2,Unbound thyroxine,,,,
1122,invalid_column_count,invalid_column_count,"Active thyroxine fraction,",2,Active thyroxine fraction,,,,
1123,invalid_column_count,invalid_column_count,"Thyroxine free form""",1,Thyroxine free form,,,,
1128,invalid_column_count,invalid_column_count,"Т3 свободный,Т3 свободный,Сыв-ка крови,пмоль/л,4.3,7.8,5 дней - 12 месяцев,,,ИХЛА,,,""Свободный трийодтиронин,",13,Т3 свободный,Т3 свободный,Сыв-ка крови,пмоль/л,ИХЛА
1129,invalid_column_count,invalid_column_count,"fT3,",2,fT3,,,,
1130,invalid_column_count,invalid_column_count,"Несвязанный Т3,",2,Несвязанный Т3,,,,
1131,invalid_column_count,invalid_column_count,"Трийодтиронин свободная фракция,",2,Трийодтиронин свободная фракция,,,,
1132,invalid_column_count,invalid_column_count,"Free T3,",2,Free T3,,,,
1133,invalid_column_count,invalid_column_count,"Активная форма трийодтиронина"",""Free Triiodothyronine,",2,"Активная форма трийодтиронина,Free Triiodothyronine",,,,
1134,invalid_column_count,invalid_column_count,"fT3,",2,fT3,,,,
1135,invalid_column_count,invalid_column_count,"Free T3,",2,Free T3,,,,
1136,invalid_column_count,invalid_column_count,"Unbound triiodothyronine,",2,Unbound triiodothyronine,,,,
1137,invalid_column_count,invalid_column_count,"Active triiodothyronine fraction,",2,Active triiodothyronine fraction,,,,
1138,invalid_column_count,invalid_column_count,"Triiodothyronine free form""",1,Triiodothyronine free form,,,,
1143,invalid_column_count,invalid_column_count,"Антитела к тиреоглобулину (анти-ТГ),Антитела к тиреоглобулину (анти-ТГ),Сыв-ка крови,МЕ/мл,0,4.1,,,,ИХЛА,,,""АТ-ТГ,",13,Антитела к тиреоглобулину (анти-ТГ),Антитела к тиреоглобулину (анти-ТГ),Сыв-ка крови,МЕ/мл,ИХЛА
1144,invalid_column_count,invalid_column_count,"Анти-ТГ,",2,Анти-ТГ,,,,
1145,invalid_column_count,invalid_column_count,"Антитела к ТГ,",2,Антитела к ТГ,,,,
1146,invalid_column_count,invalid_column_count,"Аутоантитела к тиреоглобулину,",2,Аутоантитела к тиреоглобулину,,,,
1147,invalid_column_count,invalid_column_count,"Анти-Tg"",""Anti-Tg,",2,"Анти-Tg,Anti-Tg",,,,
1148,invalid_column_count,invalid_column_count,"Anti-thyroglobulin antibodies,",2,Anti-thyroglobulin antibodies,,,,
1149,invalid_column_count,invalid_column_count,"TgAb,",2,TgAb,,,,
1150,invalid_column_count,invalid_column_count,"Thyroglobulin autoantibodies,",2,Thyroglobulin autoantibodies,,,,
1151,invalid_column_count,invalid_column_count,"Anti-TG antibodies""",1,Anti-TG antibodies,,,,
1152,invalid_column_count,invalid_column_count,"Антитела к тиреопероксидазе (анти-ТПО),Антитела к тиреопероксидазе (анти-ТПО),Сыв-ка крови,МЕ/мл,0,5.6,,,,ИХЛА,,,""АТ-ТПО,",13,Антитела к тиреопероксидазе (анти-ТПО),Антитела к тиреопероксидазе (анти-ТПО),Сыв-ка крови,МЕ/мл,ИХЛА
1153,invalid_column_count,invalid_column_count,"Анти-ТПО,",2,Анти-ТПО,,,,
1154,invalid_column_count,invalid_column_count,"Антитела к ТПО,",2,Антитела к ТПО,,,,
1155,invalid_column_count,invalid_column_count,"Антитела к микросомальной фракции,",2,Антитела к микросомальной фракции,,,,
1156,invalid_column_count,invalid_column_count,"Анти-микросомальные антитела"",""Anti-TPO,",2,"Анти-микросомальные антитела,Anti-TPO",,,,
1157,invalid_column_count,invalid_column_count,"Anti-thyroid peroxidase antibodies,",2,Anti-thyroid peroxidase antibodies,,,,
1158,invalid_column_count,invalid_column_count,"TPOAb,",2,TPOAb,,,,
1159,invalid_column_count,invalid_column_count,"Anti-microsomal antibodies,",2,Anti-microsomal antibodies,,,,
1160,invalid_column_count,invalid_column_count,"Thyroid microsomal antibodies""",1,Thyroid microsomal antibodies,,,,
1161,invalid_column_count,invalid_column_count,"Антитела к рецепторам ТТГ,Антитела к рецепторам ТТГ,Сыв-ка крови,МЕ/л,0,1.0,,,,ИХЛА,,,""АТ-рТТГ,",13,Антитела к рецепторам ТТГ,Антитела к рецепторам ТТГ,Сыв-ка крови,МЕ/л,ИХЛА
1162,invalid_column_count,invalid_column_count,"Анти-рТТГ,",2,Анти-рТТГ,,,,
1163,invalid_column_count,invalid_column_count,"Антитела к TSH-рецептору,",2,Антитела к TSH-рецептору,,,,
1164,invalid_column_count,invalid_column_count,"TSH-рецепторные антитела,",2,TSH-рецепторные антитела,,,,
1165,invalid_column_count,invalid_column_count,"ТРАБ"",""TRAb,",2,"ТРАБ,TRAb",,,,
1166,invalid_column_count,invalid_column_count,"TSH receptor antibodies,",2,TSH receptor antibodies,,,,
1167,invalid_column_count,invalid_column_count,"Anti-TSHR,",2,Anti-TSHR,,,,
1168,invalid_column_count,invalid_column_count,"Thyrotropin receptor antibodies,",2,Thyrotropin receptor antibodies,,,,
1169,invalid_column_count,invalid_column_count,"TSH-R autoantibodies""",1,TSH-R autoantibodies,,,,
1170,invalid_column_count,invalid_column_count,"Тиреоглобулин,Тиреоглобулин,Сыв-ка крови,нг/мл,1.6,59,,,,,,,""ТГ,",13,Тиреоглобулин,Тиреоглобулин,Сыв-ка крови,нг/мл,
1171,invalid_column_count,invalid_column_count,"Тиреоглобулин сывороточный,",2,Тиреоглобулин сывороточный,,,,
1172,invalid_column_count,invalid_column_count,"Белок-предшественник тиреоидных гормонов,",2,Белок-предшественник тиреоидных гормонов,,,,
1173,invalid_column_count,invalid_column_count,"Маркер ткани щитовидной железы"",""Thyroglobulin,",2,"Маркер ткани щитовидной железы,Thyroglobulin",,,,
1174,invalid_column_count,invalid_column_count,"Tg,",2,Tg,,,,
1175,invalid_column_count,invalid_column_count,"Serum thyroglobulin,",2,Serum thyroglobulin,,,,
1176,invalid_column_count,invalid_column_count,"Thyroid hormone precursor protein,",2,Thyroid hormone precursor protein,,,,
1177,invalid_column_count,invalid_column_count,"Thyroid tissue marker""",1,Thyroid tissue marker,,,,
1178,invalid_column_count,invalid_column_count,"Т4 общий,Т4 общий,Сыв-ка крови,нмоль/л,101,213,5 дней - 12 месяцев,,,ИХЛА,,,""Тироксин общий,",13,Т4 общий,Т4 общий,Сыв-ка крови,нмоль/л,ИХЛА
1179,invalid_column_count,invalid_column_count,"Тетрайодтиронин,",2,Тетрайодтиронин,,,,
1180,invalid_column_count,invalid_column_count,"Тиреоидный гормон Т4,",2,Тиреоидный гормон Т4,,,,
1181,invalid_column_count,invalid_column_count,"TT4,",2,TT4,,,,
1182,invalid_column_count,invalid_column_count,"Общий тироксин сыворотки,",2,Общий тироксин сыворотки,,,,
1183,invalid_column_count,invalid_column_count,"Гормон щитовидной железы (основной)"",""Total Thyroxine,",2,"Гормон щитовидной железы (основной),Total Thyroxine",,,,
1184,invalid_column_count,invalid_column_count,"T4 total,",2,T4 total,,,,
1185,invalid_column_count,invalid_column_count,"Tetraiodothyronine,",2,Tetraiodothyronine,,,,
1186,invalid_column_count,invalid_column_count,"TT4,",2,TT4,,,,
1187,invalid_column_count,invalid_column_count,"Serum total thyroxine,",2,Serum total thyroxine,,,,
1188,invalid_column_count,invalid_column_count,"Main thyroid hormone""",1,Main thyroid hormone,,,,
1193,invalid_column_count,invalid_column_count,"Т3 общий,Т3 общий,Сыв-ка крови,пмоль/л,4.3,7.8,5 дней - 12 месяцев,,,ИХЛА,,,""Трийодтиронин общий,",13,Т3 общий,Т3 общий,Сыв-ка крови,пмоль/л,ИХЛА
1194,invalid_column_count,invalid_column_count,"Тиреоидный гормон Т3,",2,Тиреоидный гормон Т3,,,,
1195,invalid_column_count,invalid_column_count,"TT3,",2,TT3,,,,
1196,invalid_column_count,invalid_column_count,"Общий трийодтиронин сыворотки,",2,Общий трийодтиронин сыворотки,,,,
1197,invalid_column_count,invalid_column_count,"Активный тиреоидный гормон"",""Total Triiodothyronine,",2,"Активный тиреоидный гормон,Total Triiodothyronine",,,,
1198,invalid_column_count,invalid_column_count,"T3 total,",2,T3 total,,,,
1199,invalid_column_count,invalid_column_count,"Triiodothyronine,",2,Triiodothyronine,,,,
1200,invalid_column_count,invalid_column_count,"TT3,",2,TT3,,,,
1201,invalid_column_count,invalid_column_count,"Serum total triiodothyronine,",2,Serum total triiodothyronine,,,,
1202,invalid_column_count,invalid_column_count,"Active thyroid hormone""",1,Active thyroid hormone,,,,
1207,invalid_column_count,invalid_column_count,"Пролактин,Пролактин,Сыв-ка крови,мМЕ/л,264,4468,4 -30 дней,,,ИХЛА,Гормональные исследования,Половые гормоны и белки                ,""Лактотропный гормон,",13,Пролактин,Пролактин,Сыв-ка крови,мМЕ/л,ИХЛА
1208,invalid_column_count,invalid_column_count,"ЛТГ,",2,ЛТГ,,,,
1209,invalid_column_count,invalid_column_count,"Мамотропин,",2,Мамотропин,,,,
1210,invalid_column_count,invalid_column_count,"Гормон лактации,",2,Гормон лактации,,,,
1211,invalid_column_count,invalid_column_count,"ПРЛ,",2,ПРЛ,,,,
1212,invalid_column_count,invalid_column_count,"Пролактин сывороточный,",2,Пролактин сывороточный,,,,
1213,invalid_column_count,invalid_column_count,"Гипофизарный лактогенный гормон,",2,Гипофизарный лактогенный гормон,,,,
1214,invalid_column_count,invalid_column_count,"Маркер гиперпролактинемии"",""Prolactin,",2,"Маркер гиперпролактинемии,Prolactin",,,,
1215,invalid_column_count,invalid_column_count,"PRL,",2,PRL,,,,
1216,invalid_column_count,invalid_column_count,"Lactotropin,",2,Lactotropin,,,,
1217,invalid_column_count,invalid_column_count,"Mammotropin,",2,Mammotropin,,,,
1218,invalid_column_count,invalid_column_count,"Lactation hormone,",2,Lactation hormone,,,,
1219,invalid_column_count,invalid_column_count,"Serum prolactin,",2,Serum prolactin,,,,
1220,invalid_column_count,invalid_column_count,"Pituitary lactogenic hormone,",2,Pituitary lactogenic hormone,,,,
1221,invalid_column_count,invalid_column_count,"Hyperprolactinemia marker""",1,Hyperprolactinemia marker,,,,
1226,invalid_column_count,invalid_column_count,"Лютеинизирующий гормон (ЛГ),Лютеинизирующий гормон (ЛГ),Сыв-ка крови,МЕ/л,0,3.81,4 дня - 3 месяца муж.,,,ИХЛА,,,""ЛГ,",13,Лютеинизирующий гормон (ЛГ),Лютеинизирующий гормон (ЛГ),Сыв-ка крови,МЕ/л,ИХЛА
1227,invalid_column_count,invalid_column_count,"Лютропин,",2,Лютропин,,,,
1228,invalid_column_count,invalid_column_count,"Гонадотропин-бета,",2,Гонадотропин-бета,,,,
1229,invalid_column_count,invalid_column_count,"Гипофизарный гонадотропин II,",2,Гипофизарный гонадотропин II,,,,
1230,invalid_column_count,invalid_column_count,"Лютеинизирующий гормон сывороточный,",2,Лютеинизирующий гормон сывороточный,,,,
1231,invalid_column_count,invalid_column_count,"Индуктор овуляции,",2,Индуктор овуляции,,,,
1232,invalid_column_count,invalid_column_count,"Стимулятор синтеза тестостерона,",2,Стимулятор синтеза тестостерона,,,,
1233,invalid_column_count,invalid_column_count,"Маркер гонадотропной функции"",""Luteinizing hormone (LH),",2,"Маркер гонадотропной функции,Luteinizing hormone (LH)",,,,
1234,invalid_column_count,invalid_column_count,"LH,",2,LH,,,,
1235,invalid_column_count,invalid_column_count,"Lutropin,",2,Lutropin,,,,
1236,invalid_column_count,invalid_column_count,"Gonadotropin-beta,",2,Gonadotropin-beta,,,,
1237,invalid_column_count,invalid_column_count,"Pituitary gonadotropin II,",2,Pituitary gonadotropin II,,,,
1238,invalid_column_count,invalid_column_count,"Serum luteinizing hormone,",2,Serum luteinizing hormone,,,,
1239,invalid_column_count,invalid_column_count,"Ovulation inducer,",2,Ovulation inducer,,,,
1240,invalid_column_count,invalid_column_count,"Testosterone synthesis stimulator,",2,Testosterone synthesis stimulator,,,,
1241,invalid_column_count,invalid_column_count,"Gonadotropic function marker""",1,Gonadotropic function marker,,,,
1242,needs_review,unit_conflict_for_same_test_context,",,,МЕ/л,1,2.41,4 дня - 3 месяца жен.,,,,,,,",14,СОЭ,СОЭ,Кровь венозная с ЭДТА,МЕ/л,Метод Вестергрена
1258,invalid_column_count,invalid_column_count,"Фолликулостимулирующий гормон (ФСГ),Фолликулостимулирующий гормон (ФСГ),Сыв-ка крови,МЕ/л,0.09,2.41,1-12 месяцев муж.,,,ИХЛА,,,""ФСГ,",13,Фолликулостимулирующий гормон (ФСГ),Фолликулостимулирующий гормон (ФСГ),Сыв-ка крови,МЕ/л,ИХЛА
1259,invalid_column_count,invalid_column_count,"Фоллитропин,",2,Фоллитропин,,,,
1260,invalid_column_count,invalid_column_count,"Гонадотропин-альфа,",2,Гонадотропин-альфа,,,,
1261,invalid_column_count,invalid_column_count,"Гипофизарный гонадотропин,",2,Гипофизарный гонадотропин,,,,
1262,invalid_column_count,invalid_column_count,"Фолликулостимулирующий гормон сывороточный,",2,Фолликулостимулирующий гормон сывороточный,,,,
1263,invalid_column_count,invalid_column_count,"Маркер функции гонад,",2,Маркер функции гонад,,,,
1264,invalid_column_count,invalid_column_count,"Регулятор сперматогенеза/фолликулогенеза"",""Follicle-stimulating hormone (FSH),",2,"Регулятор сперматогенеза/фолликулогенеза,Follicle-stimulating hormone (FSH)",,,,
1265,invalid_column_count,invalid_column_count,"FSH,",2,FSH,,,,
1266,invalid_column_count,invalid_column_count,"Follitropin,",2,Follitropin,,,,
1267,invalid_column_count,invalid_column_count,"Gonadotropin-alpha,",2,Gonadotropin-alpha,,,,
1268,invalid_column_count,invalid_column_count,"Pituitary gonadotropin,",2,Pituitary gonadotropin,,,,
1269,invalid_column_count,invalid_column_count,"Serum follicle-stimulating hormone,",2,Serum follicle-stimulating hormone,,,,
1270,invalid_column_count,invalid_column_count,"Gonadal function marker,",2,Gonadal function marker,,,,
1271,invalid_column_count,invalid_column_count,"Spermatogenesis/folliculogenesis regulator""",1,Spermatogenesis/folliculogenesis regulator,,,,
1285,invalid_column_count,invalid_column_count,"Эстрадиол (Е2),Эстрадиол (Е2),Сыв-ка крови,пмоль/л,0,92,15 дней - 12 месяцев муж.,,,ИХЛА,,,""Е2,",13,Эстрадиол (Е2),Эстрадиол (Е2),Сыв-ка крови,пмоль/л,ИХЛА
1286,invalid_column_count,invalid_column_count,"17-β-эстрадиол,",2,17-β-эстрадиол,,,,
1287,invalid_column_count,invalid_column_count,"Дигидротеелин,",2,Дигидротеелин,,,,
1288,invalid_column_count,invalid_column_count,"Эстра-1,3,5(10)-триен-3,17β-диол,",5,Эстра-1,3,5(10)-триен-3,17β-диол,
1289,invalid_column_count,invalid_column_count,"Основной эстроген,",2,Основной эстроген,,,,
1290,invalid_column_count,invalid_column_count,"Эстрадиол сывороточный,",2,Эстрадиол сывороточный,,,,
1291,invalid_column_count,invalid_column_count,"Женский половой гормон,",2,Женский половой гормон,,,,
1292,invalid_column_count,invalid_column_count,"Маркер фолликулярного резерва"",""Estradiol (E2),",2,"Маркер фолликулярного резерва,Estradiol (E2)",,,,
1293,invalid_column_count,invalid_column_count,"17-beta-estradiol,",2,17-beta-estradiol,,,,
1294,invalid_column_count,invalid_column_count,"Dihydrotheelin,",2,Dihydrotheelin,,,,
1295,invalid_column_count,invalid_column_count,"Estra-1,3,5(10)-triene-3,17β-diol,",5,Estra-1,3,5(10)-triene-3,17β-diol,
1296,invalid_column_count,invalid_column_count,"Primary estrogen,",2,Primary estrogen,,,,
1297,invalid_column_count,invalid_column_count,"Serum estradiol,",2,Serum estradiol,,,,
1298,invalid_column_count,invalid_column_count,"Female sex hormone,",2,Female sex hormone,,,,
1299,invalid_column_count,invalid_column_count,"Follicular reserve marker""",1,Follicular reserve marker,,,,
1300,needs_review,unit_conflict_for_same_test_context,",,,пмоль/л,0,46,1-11 лет муж.,,,,,,,",14,СОЭ,СОЭ,Кровь венозная с ЭДТА,пмоль/л,Метод Вестергрена
1317,invalid_column_count,invalid_column_count,"Прогестерон,Прогестерон,Сыв-ка крови,нмоль/л,0,2.1,0-12 месяцев муж.,,,ИХЛА,,,""П4,",13,Прогестерон,Прогестерон,Сыв-ка крови,нмоль/л,ИХЛА
1318,invalid_column_count,invalid_column_count,"Прогестин,",2,Прогестин,,,,
1319,invalid_column_count,invalid_column_count,"Гормон жёлтого тела,",2,Гормон жёлтого тела,,,,
1320,invalid_column_count,invalid_column_count,"Лютеиновый гормон,",2,Лютеиновый гормон,,,,
1321,invalid_column_count,invalid_column_count,"Гестаген,",2,Гестаген,,,,
1322,invalid_column_count,invalid_column_count,"Прогестерон сывороточный,",2,Прогестерон сывороточный,,,,
1323,invalid_column_count,invalid_column_count,"Гормон беременности"",""Progesterone,",2,"Гормон беременности,Progesterone",,,,
1324,invalid_column_count,invalid_column_count,"P4,",2,P4,,,,
1325,invalid_column_count,invalid_column_count,"Corpus luteum hormone,",2,Corpus luteum hormone,,,,
1326,invalid_column_count,invalid_column_count,"Luteal hormone,",2,Luteal hormone,,,,
1327,invalid_column_count,invalid_column_count,"Gestagen,",2,Gestagen,,,,
1328,invalid_column_count,invalid_column_count,"Serum progesterone,",2,Serum progesterone,,,,
1329,invalid_column_count,invalid_column_count,"Pregnancy hormone""",1,Pregnancy hormone,,,,
1330,needs_review,unit_conflict_for_same_test_context,",,,нмоль/л,0,1.1,1-10 лет муж.,,,,,,,",14,СОЭ,СОЭ,Кровь венозная с ЭДТА,нмоль/л,Метод Вестергрена
1347,invalid_column_count,invalid_column_count,"17-ОН-прогестерон,17-ОН-прогестерон,Сыв-ка крови,нмоль/л,0.2,2.3,Новорожденные,,,ИФА,,,""17-ОП,",13,17-ОН-прогестерон,17-ОН-прогестерон,Сыв-ка крови,нмоль/л,ИФА
1348,invalid_column_count,invalid_column_count,"17-гидроксипрогестерон,",2,17-гидроксипрогестерон,,,,
1349,invalid_column_count,invalid_column_count,"17-OH-прогестерон,",2,17-OH-прогестерон,,,,
1350,invalid_column_count,invalid_column_count,"17-OHP,",2,17-OHP,,,,
1351,invalid_column_count,invalid_column_count,"17α-гидроксипрогестерон,",2,17α-гидроксипрогестерон,,,,
1352,invalid_column_count,invalid_column_count,"Прогестерон-17-ОН,",2,Прогестерон-17-ОН,,,,
1353,invalid_column_count,invalid_column_count,"Стероидный промежуточный метаболит"",""17-OH-progesterone,",2,"Стероидный промежуточный метаболит,17-OH-progesterone",,,,
1354,invalid_column_count,invalid_column_count,"17-hydroxyprogesterone,",2,17-hydroxyprogesterone,,,,
1355,invalid_column_count,invalid_column_count,"17-OHP,",2,17-OHP,,,,
1356,invalid_column_count,invalid_column_count,"17α-hydroxyprogesterone,",2,17α-hydroxyprogesterone,,,,
1357,invalid_column_count,invalid_column_count,"Progesterone-17-OH,",2,Progesterone-17-OH,,,,
1358,invalid_column_count,invalid_column_count,"Steroid intermediate metabolite""",1,Steroid intermediate metabolite,,,,
1371,invalid_column_count,invalid_column_count,"Ингибин В,Ингибин В,Сыв-ка крови,пг/мл,4,352,""0-18 лет, муж."",,,Иммуноферментный анализ (ИФА).,,,""Ингибин Б,",13,Ингибин В,Ингибин В,Сыв-ка крови,пг/мл,Иммуноферментный анализ (ИФА).
1372,invalid_column_count,invalid_column_count,"Ингибин-Б,",2,Ингибин-Б,,,,
1373,invalid_column_count,invalid_column_count,"Гормон ингибин В,",2,Гормон ингибин В,,,,
1374,invalid_column_count,invalid_column_count,"ИнгБ,",2,ИнгБ,,,,
1375,invalid_column_count,invalid_column_count,"Inhibin B,",2,Inhibin B,,,,
1376,invalid_column_count,invalid_column_count,"Сывороточный ингибин В,",2,Сывороточный ингибин В,,,,
1377,invalid_column_count,invalid_column_count,"Фолликулярный ингибин,",2,Фолликулярный ингибин,,,,
1378,invalid_column_count,invalid_column_count,"Маркер функции Сертоли (у мужчин),",2,Маркер функции Сертоли (у мужчин),,,,
1379,invalid_column_count,invalid_column_count,"Маркер овариального резерва (у женщин)"",""Inhibin B,",2,"Маркер овариального резерва (у женщин),Inhibin B",,,,
1380,invalid_column_count,invalid_column_count,"Inh-B,",2,Inh-B,,,,
1381,invalid_column_count,invalid_column_count,"Serum inhibin B,",2,Serum inhibin B,,,,
1382,invalid_column_count,invalid_column_count,"Follicular inhibin,",2,Follicular inhibin,,,,
1383,invalid_column_count,invalid_column_count,"Sertoli cell marker (in males),",2,Sertoli cell marker (in males),,,,
1384,invalid_column_count,invalid_column_count,"Ovarian reserve marker (in females),",2,Ovarian reserve marker (in females),,,,
1385,invalid_column_count,invalid_column_count,"Inhibin beta B subunit,",2,Inhibin beta B subunit,,,,
1386,invalid_column_count,invalid_column_count,"INHBB""",1,INHBB,,,,
1387,needs_review,unit_conflict_for_same_test_context,",,,пг/мл,25,325,""18-90 лет, муж."",,,,,,,",14,СОЭ,СОЭ,Кровь венозная с ЭДТА,пг/мл,Метод Вестергрена
1392,invalid_column_count,invalid_column_count,"Антимюллеров гормон (AMH/MIS),Антимюллеров гормон (AMH/MIS),Сыв-ка крови,нг/мл,0.96,13.34,""18-26 лет, жен."",,,Иммунохемилюминесцентный анализ.,,,""АМГ,",13,Антимюллеров гормон (AMH/MIS),Антимюллеров гормон (AMH/MIS),Сыв-ка крови,нг/мл,Иммунохемилюминесцентный анализ.
1393,invalid_column_count,invalid_column_count,"Анти-Мюллеров гормон,",2,Анти-Мюллеров гормон,,,,
1394,invalid_column_count,invalid_column_count,"Антимюллеровский гормон,",2,Антимюллеровский гормон,,,,
1395,invalid_column_count,invalid_column_count,"Гормон ингибирующий Мюллеров проток,",2,Гормон ингибирующий Мюллеров проток,,,,
1396,invalid_column_count,invalid_column_count,"MIS (Müllerian-inhibiting substance),",2,MIS (Müllerian-inhibiting substance),,,,
1397,invalid_column_count,invalid_column_count,"Сывороточный AMH,",2,Сывороточный AMH,,,,
1398,invalid_column_count,invalid_column_count,"Маркер овариального резерва,",2,Маркер овариального резерва,,,,
1399,invalid_column_count,invalid_column_count,"Маркер функции яичек (у мужчин)"",""AMH,",2,"Маркер функции яичек (у мужчин),AMH",,,,
1400,invalid_column_count,invalid_column_count,"Anti-Müllerian hormone,",2,Anti-Müllerian hormone,,,,
1401,invalid_column_count,invalid_column_count,"Müllerian-inhibiting hormone (MIH),",2,Müllerian-inhibiting hormone (MIH),,,,
1402,invalid_column_count,invalid_column_count,"Müllerian-inhibiting substance (MIS),",2,Müllerian-inhibiting substance (MIS),,,,
1403,invalid_column_count,invalid_column_count,"Serum AMH,",2,Serum AMH,,,,
1404,invalid_column_count,invalid_column_count,"Ovarian reserve marker,",2,Ovarian reserve marker,,,,
1405,invalid_column_count,invalid_column_count,"Testicular function marker (in males),",2,Testicular function marker (in males),,,,
1406,invalid_column_count,invalid_column_count,"MIS/AMH protein""",1,MIS/AMH protein,,,,
1407,needs_review,unit_conflict_for_same_test_context,",,,нг/мл,0.17,7.37,""26-31 год, жен."",,,,,,,",14,СОЭ,СОЭ,Кровь венозная с ЭДТА,нг/мл,Метод Вестергрена
1413,invalid_column_count,invalid_column_count,"""Тестостерон, общий"",""Тестостерон, общий"",Сыв-ка крови,нмоль/л,0.36,15.08,0-12 месяцев муж.,,,ИХЛА,,,""Общий тестостерон,",13,"Тестостерон, общий","Тестостерон, общий",Сыв-ка крови,нмоль/л,ИХЛА
1414,invalid_column_count,invalid_column_count,"Тестостерон (тотальный),",2,Тестостерон (тотальный),,,,
1415,invalid_column_count,invalid_column_count,"Т-гормон,",2,Т-гормон,,,,
1416,invalid_column_count,invalid_column_count,"Андроген стероидный,",2,Андроген стероидный,,,,
1417,invalid_column_count,invalid_column_count,"17-бета-гидроксиандрост-4-ен-3-он,",2,17-бета-гидроксиандрост-4-ен-3-он,,,,
1418,invalid_column_count,invalid_column_count,"Тестостерон сывороточный,",2,Тестостерон сывороточный,,,,
1419,invalid_column_count,invalid_column_count,"Маркер андрогенного статуса,",2,Маркер андрогенного статуса,,,,
1420,invalid_column_count,invalid_column_count,"ГСПГ-связанный + свободный тестостерон"",""Testosterone total,",2,"ГСПГ-связанный + свободный тестостерон,Testosterone total",,,,
1421,invalid_column_count,invalid_column_count,"Total testosterone,",2,Total testosterone,,,,
1422,invalid_column_count,invalid_column_count,"T-hormone,",2,T-hormone,,,,
1423,invalid_column_count,invalid_column_count,"Steroid androgen,",2,Steroid androgen,,,,
1424,invalid_column_count,invalid_column_count,"17-beta-hydroxyandrost-4-en-3-one,",2,17-beta-hydroxyandrost-4-en-3-one,,,,
1425,invalid_column_count,invalid_column_count,"Serum testosterone,",2,Serum testosterone,,,,
1426,invalid_column_count,invalid_column_count,"Androgenic status marker,",2,Androgenic status marker,,,,
1427,invalid_column_count,invalid_column_count,"SHBG-bound + free testosterone""",1,SHBG-bound + free testosterone,,,,
1440,invalid_column_count,invalid_column_count,"""Тестостерон, свободный"",""Тестостерон, свободный"",Сыв-ка крови,пг/мл,3.84,34.17,муж.,,,ИФА,,,""Свободный тестостерон,",13,"Тестостерон, свободный","Тестостерон, свободный",Сыв-ка крови,пг/мл,ИФА
1441,invalid_column_count,invalid_column_count,"Несвязанный тестостерон,",2,Несвязанный тестостерон,,,,
1442,invalid_column_count,invalid_column_count,"Тестостерон свободная фракция,",2,Тестостерон свободная фракция,,,,
1443,invalid_column_count,invalid_column_count,"fT,",2,fT,,,,
1444,invalid_column_count,invalid_column_count,"Free Testosterone,",2,Free Testosterone,,,,
1445,invalid_column_count,invalid_column_count,"Активная фракция тестостерона,",2,Активная фракция тестостерона,,,,
1446,invalid_column_count,invalid_column_count,"Тестостерон не связанный с ГСПГ"",""Free testosterone,",2,"Тестостерон не связанный с ГСПГ,Free testosterone",,,,
1447,invalid_column_count,invalid_column_count,"Unbound testosterone,",2,Unbound testosterone,,,,
1448,invalid_column_count,invalid_column_count,"Testosterone free fraction,",2,Testosterone free fraction,,,,
1449,invalid_column_count,invalid_column_count,"fT,",2,fT,,,,
1450,invalid_column_count,invalid_column_count,"Bioavailable testosterone fraction,",2,Bioavailable testosterone fraction,,,,
1451,invalid_column_count,invalid_column_count,"Non-SHBG-bound testosterone""",1,Non-SHBG-bound testosterone,,,,
1497,invalid_column_count,invalid_column_count,"Эстриол свободный (Е3),Эстриол свободный (Е3),Сыв-ка крови,нмоль/л,0.49,2.12,жен. беременные 14 неделя,,,ИХЛА,,,""Свободный эстриол,",13,Эстриол свободный (Е3),Эстриол свободный (Е3),Сыв-ка крови,нмоль/л,ИХЛА
1498,invalid_column_count,invalid_column_count,"Неконъюгированный эстриол,",2,Неконъюгированный эстриол,,,,
1499,invalid_column_count,invalid_column_count,"Е3 свободный,",2,Е3 свободный,,,,
1500,invalid_column_count,invalid_column_count,"Эстриол (несвязанная фракция),",2,Эстриол (несвязанная фракция),,,,
1501,invalid_column_count,invalid_column_count,"uE3 (unconjugated estriol),",2,uE3 (unconjugated estriol),,,,
1502,invalid_column_count,invalid_column_count,"Эстриол в сыворотке,",2,Эстриол в сыворотке,,,,
1503,invalid_column_count,invalid_column_count,"Маркер пренатального скрининга"",""Free estriol,",2,"Маркер пренатального скрининга,Free estriol",,,,
1504,invalid_column_count,invalid_column_count,"Unconjugated estriol,",2,Unconjugated estriol,,,,
1505,invalid_column_count,invalid_column_count,"uE3,",2,uE3,,,,
1506,invalid_column_count,invalid_column_count,"Estriol (free fraction),",2,Estriol (free fraction),,,,
1507,invalid_column_count,invalid_column_count,"Serum estriol,",2,Serum estriol,,,,
1508,invalid_column_count,invalid_column_count,"Prenatal screening marker,",2,Prenatal screening marker,,,,
1509,invalid_column_count,invalid_column_count,"E3 (free)""",1,E3 (free),,,,
1510,needs_review,unit_conflict_for_same_test_context,",,,нмоль/л,0.91,2.98,жен. беременные 15 неделя,,,,,,,",14,свободный бетта-субъединица хорионического гонадотропина человека (Свободный бетта-ХГЧ),свободный бетта-субъединица хорионического гонадотропина человека (Свободный бетта-ХГЧ),Сыв-ка крови,нмоль/л,ИХЛА
1515,invalid_column_count,invalid_column_count,"Ассоциированный с беременностью плазменный белок А (РАРР-А),Ассоциированный с беременностью плазменный белок А (РАРР-А),Сыв-ка крови,мМЕ/мл,0.17,1.54,жен. беременные 8 неделя,,,ИХЛА,,,""ПАПП-А,",13,Ассоциированный с беременностью плазменный белок А (РАРР-А),Ассоциированный с беременностью плазменный белок А (РАРР-А),Сыв-ка крови,мМЕ/мл,ИХЛА
1516,invalid_column_count,invalid_column_count,"Плазменный белок А,",2,Плазменный белок А,,,,
1517,invalid_column_count,invalid_column_count,"ассоциированный с беременностью,",2,ассоциированный с беременностью,,,,
1518,invalid_column_count,invalid_column_count,"Ассоциированный с беременностью плазменный белок А,",2,Ассоциированный с беременностью плазменный белок А,,,,
1519,invalid_column_count,invalid_column_count,"PAPP-A,",2,PAPP-A,,,,
1520,invalid_column_count,invalid_column_count,"Белок PAPP-A,",2,Белок PAPP-A,,,,
1521,invalid_column_count,invalid_column_count,"ПАПП-А в сыворотке,",2,ПАПП-А в сыворотке,,,,
1522,invalid_column_count,invalid_column_count,"Маркер пренатального скрининга"",""PAPP-A,",2,"Маркер пренатального скрининга,PAPP-A",,,,
1523,invalid_column_count,invalid_column_count,"Pregnancy-associated plasma protein A,",2,Pregnancy-associated plasma protein A,,,,
1524,invalid_column_count,invalid_column_count,"PAPP-A protein,",2,PAPP-A protein,,,,
1525,invalid_column_count,invalid_column_count,"Serum PAPP-A,",2,Serum PAPP-A,,,,
1526,invalid_column_count,invalid_column_count,"Prenatal screening marker,",2,Prenatal screening marker,,,,
1527,invalid_column_count,invalid_column_count,"PAPP-A marker""",1,PAPP-A marker,,,,
1528,needs_review,unit_conflict_for_same_test_context,",,,мМЕ/мл,0.32,2.42,жен. беременные 9 неделя,,,,,,,",14,свободный бетта-субъединица хорионического гонадотропина человека (Свободный бетта-ХГЧ),свободный бетта-субъединица хорионического гонадотропина человека (Свободный бетта-ХГЧ),Сыв-ка крови,мМЕ/мл,ИХЛА
1533,invalid_column_count,invalid_column_count,"Плацентарный лактоген,Плацентарный лактоген,Сыв-ка крови,мн/л,0.05,1.0,жен. беременные 0-19 неделя,,,ИФА,,,""Плацентарный лактоген,",13,Плацентарный лактоген,Плацентарный лактоген,Сыв-ка крови,мн/л,ИФА
1534,invalid_column_count,invalid_column_count,"Человеческий плацентарный лактоген,",2,Человеческий плацентарный лактоген,,,,
1535,invalid_column_count,invalid_column_count,"Хорионический соматомаммотропин,",2,Хорионический соматомаммотропин,,,,
1536,invalid_column_count,invalid_column_count,"ПЛ,",2,ПЛ,,,,
1537,invalid_column_count,invalid_column_count,"hPL,",2,hPL,,,,
1538,invalid_column_count,invalid_column_count,"Плацентарный лактоген в сыворотке"",""Placental lactogen,",2,"Плацентарный лактоген в сыворотке,Placental lactogen",,,,
1539,invalid_column_count,invalid_column_count,"Human placental lactogen,",2,Human placental lactogen,,,,
1540,invalid_column_count,invalid_column_count,"Chorionic somatomammotropin,",2,Chorionic somatomammotropin,,,,
1541,invalid_column_count,invalid_column_count,"hPL,",2,hPL,,,,
1542,invalid_column_count,invalid_column_count,"PL,",2,PL,,,,
1543,invalid_column_count,invalid_column_count,"Serum placental lactogen""",1,Serum placental lactogen,,,,
1544,needs_review,unit_conflict_for_same_test_context,",,,мн/л,1.5,3.0,жен. беременные 20-21 неделя,,,,,,,",14,свободный бетта-субъединица хорионического гонадотропина человека (Свободный бетта-ХГЧ),свободный бетта-субъединица хорионического гонадотропина человека (Свободный бетта-ХГЧ),Сыв-ка крови,мн/л,ИХЛА
1550,invalid_column_count,invalid_column_count,"Антиспермальные антитела в сыворотке,Антиспермальные антитела в сыворотке,Сыв-ка крови,МЕ/мл,0,54.99,,,,ИФА,,,""Антиспермальные антитела (крови),",13,Антиспермальные антитела в сыворотке,Антиспермальные антитела в сыворотке,Сыв-ка крови,МЕ/мл,ИФА
1551,invalid_column_count,invalid_column_count,"АСАТ в сыворотке,",2,АСАТ в сыворотке,,,,
1552,invalid_column_count,invalid_column_count,"Антитела к сперматозоидам (сыворотка),",2,Антитела к сперматозоидам (сыворотка),,,,
1553,invalid_column_count,invalid_column_count,"Иммунологическое бесплодие (скрининг),",2,Иммунологическое бесплодие (скрининг),,,,
1554,invalid_column_count,invalid_column_count,"MAR-тест сыворотки"",""Antisperm antibodies (serum),",2,"MAR-тест сыворотки,Antisperm antibodies (serum)",,,,
1555,invalid_column_count,invalid_column_count,"ASA (serum),",2,ASA (serum),,,,
1556,invalid_column_count,invalid_column_count,"Sperm antibodies (serum),",2,Sperm antibodies (serum),,,,
1557,invalid_column_count,invalid_column_count,"Immunological infertility screening,",2,Immunological infertility screening,,,,
1558,invalid_column_count,invalid_column_count,"MAR test (serum)""",1,MAR test (serum),,,,
1559,invalid_column_count,invalid_column_count,"Антиспермальные антитела в сперме IgA,Антиспермальные антитела в сперме IgA,Сперма,%,0,50,,,,МАР-тест (смешанная антиголобулинвоая реакция),,,""АСАТ IgA в сперме,",13,Антиспермальные антитела в сперме IgA,Антиспермальные антитела в сперме IgA,Сперма,%,МАР-тест (смешанная антиголобулинвоая реакция)
1560,invalid_column_count,invalid_column_count,"Антиспермальные IgA-антитела (эякулят),",2,Антиспермальные IgA-антитела (эякулят),,,,
1561,invalid_column_count,invalid_column_count,"Иммуноглобулины класса A к сперматозоидам,",2,Иммуноглобулины класса A к сперматозоидам,,,,
1562,invalid_column_count,invalid_column_count,"Аутоантитела IgA к антигенам спермы,",2,Аутоантитела IgA к антигенам спермы,,,,
1563,invalid_column_count,invalid_column_count,"MAR-тест IgA (сперма),",2,MAR-тест IgA (сперма),,,,
1564,invalid_column_count,invalid_column_count,"Посткоитальный тест на IgA"",""Sperm IgA antibodies,",2,"Посткоитальный тест на IgA,Sperm IgA antibodies",,,,
1565,invalid_column_count,invalid_column_count,"Anti-sperm IgA (semen),",2,Anti-sperm IgA (semen),,,,
1566,invalid_column_count,invalid_column_count,"Immunoglobulin A sperm antibodies,",2,Immunoglobulin A sperm antibodies,,,,
1567,invalid_column_count,invalid_column_count,"IgA antisperm autoantibodies,",2,IgA antisperm autoantibodies,,,,
1568,invalid_column_count,invalid_column_count,"MAR test IgA (semen),",2,MAR test IgA (semen),,,,
1569,invalid_column_count,invalid_column_count,"Postcoital test for IgA""",1,Postcoital test for IgA,,,,
1570,invalid_column_count,invalid_column_count,"Антиспермальные антитела в сперме IgG,Антиспермальные антитела в сперме IgG,Сперма,%,0,50,,,,МАР-тест (смешанная антиголобулинвоая реакция),,,""АСАТ IgG в сперме,",13,Антиспермальные антитела в сперме IgG,Антиспермальные антитела в сперме IgG,Сперма,%,МАР-тест (смешанная антиголобулинвоая реакция)
1571,invalid_column_count,invalid_column_count,"Антиспермальные IgG-антитела (эякулят),",2,Антиспермальные IgG-антитела (эякулят),,,,
1572,invalid_column_count,invalid_column_count,"Иммуноглобулины класса G к сперматозоидам,",2,Иммуноглобулины класса G к сперматозоидам,,,,
1573,invalid_column_count,invalid_column_count,"Аутоантитела IgG к антигенам спермы,",2,Аутоантитела IgG к антигенам спермы,,,,
1574,invalid_column_count,invalid_column_count,"MAR-тест IgG (сперма),",2,MAR-тест IgG (сперма),,,,
1575,invalid_column_count,invalid_column_count,"Посткоитальный тест на IgG"",""Sperm IgG antibodies,",2,"Посткоитальный тест на IgG,Sperm IgG antibodies",,,,
1576,invalid_column_count,invalid_column_count,"Anti-sperm IgG (semen),",2,Anti-sperm IgG (semen),,,,
1577,invalid_column_count,invalid_column_count,"Immunoglobulin G sperm antibodies,",2,Immunoglobulin G sperm antibodies,,,,
1578,invalid_column_count,invalid_column_count,"IgG antisperm autoantibodies,",2,IgG antisperm autoantibodies,,,,
1579,invalid_column_count,invalid_column_count,"MAR test IgG (semen),",2,MAR test IgG (semen),,,,
1580,invalid_column_count,invalid_column_count,"Postcoital test for IgG""",1,Postcoital test for IgG,,,,
1581,invalid_column_count,invalid_column_count,"Кортизол,Кортизол,Сыв-ка крови,нмоль/л,83,580,1-16 лет,,,ИФА,Гормональные исследования,Гормоны надпочечниковой системы		,""Кортизол,",13,Кортизол,Кортизол,Сыв-ка крови,нмоль/л,ИФА
1582,invalid_column_count,invalid_column_count,"Гидрокортизон,",2,Гидрокортизон,,,,
1583,invalid_column_count,invalid_column_count,"Кортизол в сыворотке,",2,Кортизол в сыворотке,,,,
1584,invalid_column_count,invalid_column_count,"Кортизол в крови,",2,Кортизол в крови,,,,
1585,invalid_column_count,invalid_column_count,"17-гидроксикортикостерон,",2,17-гидроксикортикостерон,,,,
1586,invalid_column_count,invalid_column_count,"Соединение F"",""Cortisol,",2,"Соединение F,Cortisol",,,,
1587,invalid_column_count,invalid_column_count,"Hydrocortisone,",2,Hydrocortisone,,,,
1588,invalid_column_count,invalid_column_count,"Compound F,",2,Compound F,,,,
1589,invalid_column_count,invalid_column_count,"Serum cortisol,",2,Serum cortisol,,,,
1590,invalid_column_count,invalid_column_count,"Plasma cortisol""",1,Plasma cortisol,,,,
1592,invalid_column_count,invalid_column_count,"Дегидроэпиандростерон-сульфат (ДГЭА-С),Дегидроэпиандростерон-сульфат (ДГЭА-С),Сыв-ка крови,мкмоль/л,0.2,8.6,1-30 дней муж.,,,ИХЛА,,,""ДГЭА-С,",13,Дегидроэпиандростерон-сульфат (ДГЭА-С),Дегидроэпиандростерон-сульфат (ДГЭА-С),Сыв-ка крови,мкмоль/л,ИХЛА
1593,invalid_column_count,invalid_column_count,"ДГЭА-S,",2,ДГЭА-S,,,,
1594,invalid_column_count,invalid_column_count,"Дегидроэпиандростерон сульфат,",2,Дегидроэпиандростерон сульфат,,,,
1595,invalid_column_count,invalid_column_count,"Дегидроизоандростерон сульфат,",2,Дегидроизоандростерон сульфат,,,,
1596,invalid_column_count,invalid_column_count,"ДГЭА в сульфатной форме"",""DHEA-S,",2,"ДГЭА в сульфатной форме,DHEA-S",,,,
1597,invalid_column_count,invalid_column_count,"Dehydroepiandrosterone sulfate,",2,Dehydroepiandrosterone sulfate,,,,
1598,invalid_column_count,invalid_column_count,"Dehydroisoandrosterone sulfate""",1,Dehydroisoandrosterone sulfate,,,,
1599,needs_review,unit_conflict_for_same_test_context,",,,мкмоль/л,0.4,7.1,1-30 дней жен.,,,,,,,",14,свободный бетта-субъединица хорионического гонадотропина человека (Свободный бетта-ХГЧ),свободный бетта-субъединица хорионического гонадотропина человека (Свободный бетта-ХГЧ),Сыв-ка крови,мкмоль/л,ИХЛА
1622,invalid_column_count,invalid_column_count,"Адренокортикотропный гормон (АКТГ),Адренокортикотропный гормон (АКТГ),Плазма ЭДТА,пмоль/л,1.6,6.9,,,,ЭХЛА,,,""АКТГ,",13,Адренокортикотропный гормон (АКТГ),Адренокортикотропный гормон (АКТГ),Плазма ЭДТА,пмоль/л,ЭХЛА
1623,invalid_column_count,invalid_column_count,"Кортикотропин,",2,Кортикотропин,,,,
1624,invalid_column_count,invalid_column_count,"Адренокортикотропный гормон,",2,Адренокортикотропный гормон,,,,
1625,invalid_column_count,invalid_column_count,"АКТГ в плазме,",2,АКТГ в плазме,,,,
1626,invalid_column_count,invalid_column_count,"АКТГ в сыворотке"",""ACTH,",2,"АКТГ в сыворотке,ACTH",,,,
1627,invalid_column_count,invalid_column_count,"Adrenocorticotropic hormone,",2,Adrenocorticotropic hormone,,,,
1628,invalid_column_count,invalid_column_count,"Corticotropin,",2,Corticotropin,,,,
1629,invalid_column_count,invalid_column_count,"Serum ACTH,",2,Serum ACTH,,,,
1630,invalid_column_count,invalid_column_count,"Plasma ACTH""",1,Plasma ACTH,,,,
1631,invalid_column_count,invalid_column_count,"Андростендион,Андростендион,Сыв-ка крови,нмоль/л,2.1,10.8,муж.,,,ИХЛА,,,""Андростендион,",13,Андростендион,Андростендион,Сыв-ка крови,нмоль/л,ИХЛА
1632,invalid_column_count,invalid_column_count,"Андрост-4-ен-3,17-дион,",3,Андрост-4-ен-3,17-дион,,,
1633,invalid_column_count,invalid_column_count,"Дегидроэпиандростерон метаболит"",""Androstenedione,",2,"Дегидроэпиандростерон метаболит,Androstenedione",,,,
1634,invalid_column_count,invalid_column_count,"Andro,",2,Andro,,,,
1635,invalid_column_count,invalid_column_count,"Androst-4-ene-3,17-dione""",2,Androst-4-ene-3,17-dione,,,
1637,invalid_column_count,invalid_column_count,"Андростендион глюкуронид,Андростендион глюкуронид,Сыв-ка крови,нг/мл,1.53,14.82,муж.,,,ИФА,,,""Андростендион-глюкуронид,",13,Андростендион глюкуронид,Андростендион глюкуронид,Сыв-ка крови,нг/мл,ИФА
1638,invalid_column_count,invalid_column_count,"3α-диол-G,",2,3α-диол-G,,,,
1639,invalid_column_count,invalid_column_count,"3α-андростандиол глюкуронид"",""Androstenedione glucuronide,",2,"3α-андростандиол глюкуронид,Androstenedione glucuronide",,,,
1640,invalid_column_count,invalid_column_count,"3α-diol-G,",2,3α-diol-G,,,,
1641,invalid_column_count,invalid_column_count,"3α-androstanediol glucuronide""",1,3α-androstanediol glucuronide,,,,
1642,needs_review,unit_conflict_for_same_test_context,",,,нг/мл,0.51,4.03,8-13 лет жен. ,,,,,,,",14,свободный бетта-субъединица хорионического гонадотропина человека (Свободный бетта-ХГЧ),свободный бетта-субъединица хорионического гонадотропина человека (Свободный бетта-ХГЧ),Сыв-ка крови,нг/мл,ИХЛА
1645,invalid_column_count,invalid_column_count,"Альдостерон,Альдостерон,Сыв-ка крови,пг/мл,25.0,315.0,,,,ИФА,,,""Альдостерон,",13,Альдостерон,Альдостерон,Сыв-ка крови,пг/мл,ИФА
1646,invalid_column_count,invalid_column_count,"Альдостерон в сыворотке,",2,Альдостерон в сыворотке,,,,
1647,invalid_column_count,invalid_column_count,"Альдостерон в плазме,",2,Альдостерон в плазме,,,,
1648,invalid_column_count,invalid_column_count,"Электрокортин"",""Aldosterone,",2,"Электрокортин,Aldosterone",,,,
1649,invalid_column_count,invalid_column_count,"Serum aldosterone,",2,Serum aldosterone,,,,
1650,invalid_column_count,invalid_column_count,"Plasma aldosterone,",2,Plasma aldosterone,,,,
1651,invalid_column_count,invalid_column_count,"Electrocortin""",1,Electrocortin,,,,
1652,invalid_column_count,invalid_column_count,"Ренин (прямое определение),Ренин (прямое определение),Плазма ЭДТА,мкМЕд/мл,4.2,45.6,,,,РИА,,,""Ренин,",13,Ренин (прямое определение),Ренин (прямое определение),Плазма ЭДТА,мкМЕд/мл,РИА
1653,invalid_column_count,invalid_column_count,"Прямой ренин,",2,Прямой ренин,,,,
1654,invalid_column_count,invalid_column_count,"Ренин активный,",2,Ренин активный,,,,
1655,invalid_column_count,invalid_column_count,"Ренин в плазме,",2,Ренин в плазме,,,,
1656,invalid_column_count,invalid_column_count,"Ангиотензиногеназ"",""Renin,",2,"Ангиотензиногеназ,Renin",,,,
1657,invalid_column_count,invalid_column_count,"Direct renin,",2,Direct renin,,,,
1658,invalid_column_count,invalid_column_count,"Plasma renin,",2,Plasma renin,,,,
1659,invalid_column_count,invalid_column_count,"Plasma renin activity (PRA),",2,Plasma renin activity (PRA),,,,
1660,invalid_column_count,invalid_column_count,"Angiotensinogenase""",1,Angiotensinogenase,,,,
1661,invalid_column_count,invalid_column_count,"Альдостерон-рениновое соотношение,Альдостерон-рениновое соотношение,""Сыв-ка крови, плазма ЭДТА"",пг/мкМЕ,0,17.66 ,От 18 лет:(точка разделения при сравнении первичного альдостеронизма и эндокринных патологий без АГ),,,,,,""Ренин/Альдостерон,",13,Альдостерон-рениновое соотношение,Альдостерон-рениновое соотношение,"Сыв-ка крови, плазма ЭДТА",пг/мкМЕ,
1662,invalid_column_count,invalid_column_count,"Соотношение ренин/альдостерон,",2,Соотношение ренин/альдостерон,,,,
1663,invalid_column_count,invalid_column_count,ARR,1,ARR,,,,
1664,invalid_column_count,invalid_column_count,АРС,1,АРС,,,,
1665,invalid_column_count,invalid_column_count,"Альдостерон-рениновое соотношение "",""Aldosterone/Renin ratio,",2,"Альдостерон-рениновое соотношение ,Aldosterone/Renin ratio",,,,
1666,invalid_column_count,invalid_column_count,"ARR,",2,ARR,,,,
1667,invalid_column_count,invalid_column_count,"Aldosterone-to-Renin ratio""",1,Aldosterone-to-Renin ratio,,,,
1668,invalid_column_count,invalid_column_count,"Инсулин,Инсулин,Сыв-ка крови,мкМЕ/мл,2.6,24.9,,,,ЭХЛА,Гормональные исследования,Гормоны и маркёры поджелудочной железы		,""Инсулин,",13,Инсулин,Инсулин,Сыв-ка крови,мкМЕ/мл,ЭХЛА
1669,invalid_column_count,invalid_column_count,"Инсулин в сыворотке,",2,Инсулин в сыворотке,,,,
1670,invalid_column_count,invalid_column_count,"Инсулин в плазме,",2,Инсулин в плазме,,,,
1671,invalid_column_count,invalid_column_count,"Гормон поджелудочной железы"",""Insulin,",2,"Гормон поджелудочной железы,Insulin",,,,
1672,invalid_column_count,invalid_column_count,"Serum insulin,",2,Serum insulin,,,,
1673,invalid_column_count,invalid_column_count,"Plasma insulin,",2,Plasma insulin,,,,
1674,invalid_column_count,invalid_column_count,"Pancreatic hormone""",1,Pancreatic hormone,,,,
1675,invalid_column_count,invalid_column_count,"С-пептид,С-пептид,Сыв-ка крови,пмоль/л,366.7,1466.65,,,,ЭХЛА,,,""С-пептид,",13,С-пептид,С-пептид,Сыв-ка крови,пмоль/л,ЭХЛА
1676,invalid_column_count,invalid_column_count,"Соединительный пептид,",2,Соединительный пептид,,,,
1677,invalid_column_count,invalid_column_count,"Пептид С,",2,Пептид С,,,,
1678,invalid_column_count,invalid_column_count,"С-пептид в сыворотке"",""C-peptide,",2,"С-пептид в сыворотке,C-peptide",,,,
1679,invalid_column_count,invalid_column_count,"Connecting peptide,",2,Connecting peptide,,,,
1680,invalid_column_count,invalid_column_count,"Proinsulin C-peptide,",2,Proinsulin C-peptide,,,,
1681,invalid_column_count,invalid_column_count,"Serum C-peptide""",1,Serum C-peptide,,,,
1682,invalid_column_count,invalid_column_count,"Антитела к бета-клеткам поджелудочной железы (Ат к островкам Лангерганса),Антитела к бета-клеткам поджелудочной железы (Ат к островкам Лангерганса),Сыв-ка крови,,,не обнаружено,,,,ИФА,,,""Антитела к островкам Лангерганса,",13,Антитела к бета-клеткам поджелудочной железы (Ат к островкам Лангерганса),Антитела к бета-клеткам поджелудочной железы (Ат к островкам Лангерганса),Сыв-ка крови,,ИФА
1683,invalid_column_count,invalid_column_count,"ICA,",2,ICA,,,,
1684,invalid_column_count,invalid_column_count,"Анти-островковые антитела,",2,Анти-островковые антитела,,,,
1685,invalid_column_count,invalid_column_count,"Антитела к бета-клеткам"",""Islet cell antibodies,",2,"Антитела к бета-клеткам,Islet cell antibodies",,,,
1686,invalid_column_count,invalid_column_count,"ICA,",2,ICA,,,,
1687,invalid_column_count,invalid_column_count,"Anti-islet cell antibodies,",2,Anti-islet cell antibodies,,,,
1688,invalid_column_count,invalid_column_count,"Beta-cell antibodies""",1,Beta-cell antibodies,,,,
1689,invalid_column_count,invalid_column_count,"Антитела к глутаматдекарбоксилазе (GAD),Антитела к глутаматдекарбоксилазе (GAD),Сыв-ка крови,,,не обнаружено,,,,ИФА,,,""Анти-GAD,",13,Антитела к глутаматдекарбоксилазе (GAD),Антитела к глутаматдекарбоксилазе (GAD),Сыв-ка крови,,ИФА
1690,invalid_column_count,invalid_column_count,"GAD-антитела,",2,GAD-антитела,,,,
1691,invalid_column_count,invalid_column_count,"Антитела к GAD65,",2,Антитела к GAD65,,,,
1692,invalid_column_count,invalid_column_count,"Антитела к глутаматдекарбоксилазе"",""GAD antibodies,",2,"Антитела к глутаматдекарбоксилазе,GAD antibodies",,,,
1693,invalid_column_count,invalid_column_count,"Anti-GAD,",2,Anti-GAD,,,,
1694,invalid_column_count,invalid_column_count,"GAD65 antibodies,",2,GAD65 antibodies,,,,
1695,invalid_column_count,invalid_column_count,"Glutamate decarboxylase antibodies""",1,Glutamate decarboxylase antibodies,,,,
1696,invalid_column_count,invalid_column_count,"Антитела к инсулину,Антитела к инсулину,Сыв-ка крови,Ед/мл,0,10.0,,,,ИФА,,,""Антитела к инсулину,",13,Антитела к инсулину,Антитела к инсулину,Сыв-ка крови,Ед/мл,ИФА
1697,invalid_column_count,invalid_column_count,"IAA,",2,IAA,,,,
1698,invalid_column_count,invalid_column_count,"Аутоантитела к инсулину,",2,Аутоантитела к инсулину,,,,
1699,invalid_column_count,invalid_column_count,"Инсулин-связывающие антитела"",""Insulin antibodies,",2,"Инсулин-связывающие антитела,Insulin antibodies",,,,
1700,invalid_column_count,invalid_column_count,"IAA,",2,IAA,,,,
1701,invalid_column_count,invalid_column_count,"Anti-insulin antibodies,",2,Anti-insulin antibodies,,,,
1702,invalid_column_count,invalid_column_count,"Insulin autoantibodies""",1,Insulin autoantibodies,,,,
1703,invalid_column_count,invalid_column_count,"Проинсулин,Проинсулин,Сыв-ка крови,пмоль/л,0.5,3.5,11-18 лет,,,ИФА,,,""Проинсулин,",13,Проинсулин,Проинсулин,Сыв-ка крови,пмоль/л,ИФА
1704,invalid_column_count,invalid_column_count,"Предшественник инсулина,",2,Предшественник инсулина,,,,
1705,invalid_column_count,invalid_column_count,"Проинсулин в сыворотке"",""Proinsulin,",2,"Проинсулин в сыворотке,Proinsulin",,,,
1706,invalid_column_count,invalid_column_count,"Insulin precursor,",2,Insulin precursor,,,,
1707,invalid_column_count,invalid_column_count,"Serum proinsulin""",1,Serum proinsulin,,,,
1708,needs_review,unit_conflict_for_same_test_context,",,,пмоль/л,0.7,4.3,19 - 90 лет,,,,,,,",14,свободный бетта-субъединица хорионического гонадотропина человека (Свободный бетта-ХГЧ),свободный бетта-субъединица хорионического гонадотропина человека (Свободный бетта-ХГЧ),Сыв-ка крови,пмоль/л,ИХЛА
1709,invalid_column_count,invalid_column_count,"Гастрин-17 базальный,Гастрин-17 базальный,Сыв-ка крови,пмоль/л,1.0,7.0,,,,ИФА,Гормональные исследования,Гормоны и маркёры желудка		,""Гастрин-17 базальный,",13,Гастрин-17 базальный,Гастрин-17 базальный,Сыв-ка крови,пмоль/л,ИФА
1710,invalid_column_count,invalid_column_count,"G-17 базальный,",2,G-17 базальный,,,,
1711,invalid_column_count,invalid_column_count,"Гастрин-17 в сыворотке"",""Gastrin-17 basal,",2,"Гастрин-17 в сыворотке,Gastrin-17 basal",,,,
1712,invalid_column_count,invalid_column_count,"G-17 basal,",2,G-17 basal,,,,
1713,invalid_column_count,invalid_column_count,"Serum gastrin-17""",1,Serum gastrin-17,,,,
1714,invalid_column_count,invalid_column_count,"Гастрин-17 стимулированный,Гастрин-17 стимулированный,Сыв-ка крови после нагрузки,пмоль/л,3.0,30.0,,,,ИФА,Гормональные исследования,Гормоны и маркёры желудка		,""Гастрин-17 стимулированный,",13,Гастрин-17 стимулированный,Гастрин-17 стимулированный,Сыв-ка крови после нагрузки,пмоль/л,ИФА
1715,invalid_column_count,invalid_column_count,"G-17 стимулированный,",2,G-17 стимулированный,,,,
1716,invalid_column_count,invalid_column_count,"Гастрин-17 после стимуляции"",""Gastrin-17 stimulated,",2,"Гастрин-17 после стимуляции,Gastrin-17 stimulated",,,,
1717,invalid_column_count,invalid_column_count,"G-17 stimulated,",2,G-17 stimulated,,,,
1718,invalid_column_count,invalid_column_count,"Post-stimulation gastrin-17""",1,Post-stimulation gastrin-17,,,,
1719,invalid_column_count,invalid_column_count,"Пепсиноген-I,Пепсиноген-I,Сыв-ка крови,мкг/л,30.0,160.0,,,,ИФА,Гормональные исследования,Гормоны и маркёры желудка		,""Пепсиноген-I,",13,Пепсиноген-I,Пепсиноген-I,Сыв-ка крови,мкг/л,ИФА
1720,invalid_column_count,invalid_column_count,"ПГ-I,",2,ПГ-I,,,,
1721,invalid_column_count,invalid_column_count,"Пепсиноген 1,",2,Пепсиноген 1,,,,
1722,invalid_column_count,invalid_column_count,"Пепсиноген A"",""Pepsinogen I,",2,"Пепсиноген A,Pepsinogen I",,,,
1723,invalid_column_count,invalid_column_count,"PG-I,",2,PG-I,,,,
1724,invalid_column_count,invalid_column_count,"Pepsinogen A,",2,Pepsinogen A,,,,
1725,invalid_column_count,invalid_column_count,"PGA""",1,PGA,,,,
1726,invalid_column_count,invalid_column_count,"Пепсиноген-II,Пепсиноген-II,Сыв-ка крови,мкг/л,3.0,15.0,,,,ИФА,Гормональные исследования,Гормоны и маркёры желудка		,""Пепсиноген-II,",13,Пепсиноген-II,Пепсиноген-II,Сыв-ка крови,мкг/л,ИФА
1727,invalid_column_count,invalid_column_count,"ПГ-II,",2,ПГ-II,,,,
1728,invalid_column_count,invalid_column_count,"Пепсиноген 2,",2,Пепсиноген 2,,,,
1729,invalid_column_count,invalid_column_count,"Пепсиноген C"",""Pepsinogen II,",2,"Пепсиноген C,Pepsinogen II",,,,
1730,invalid_column_count,invalid_column_count,"PG-II,",2,PG-II,,,,
1731,invalid_column_count,invalid_column_count,"Pepsinogen C,",2,Pepsinogen C,,,,
1732,invalid_column_count,invalid_column_count,"PGC""",1,PGC,,,,
1734,invalid_column_count,invalid_column_count,"Паратиреоидный гормон (паратгормон),Паратиреоидный гормон (паратгормон),Сыв-ка крови,пмоль/л,1.6,6.9,,,,ЭХЛА,Гормональные исследования,Гормоны и маркёры костного метаболизма (остеопороз)		,""Паратгормон,",13,Паратиреоидный гормон (паратгормон),Паратиреоидный гормон (паратгормон),Сыв-ка крови,пмоль/л,ЭХЛА
1735,invalid_column_count,invalid_column_count,"ПТГ,",2,ПТГ,,,,
1736,invalid_column_count,invalid_column_count,"Паратиреоидный гормон,",2,Паратиреоидный гормон,,,,
1737,invalid_column_count,invalid_column_count,"ПТГ в сыворотке"",""Parathyroid hormone,",2,"ПТГ в сыворотке,Parathyroid hormone",,,,
1738,invalid_column_count,invalid_column_count,"PTH,",2,PTH,,,,
1739,invalid_column_count,invalid_column_count,"Parathormone,",2,Parathormone,,,,
1740,invalid_column_count,invalid_column_count,"Serum PTH""",1,Serum PTH,,,,
1741,invalid_column_count,invalid_column_count,"Кальцитонин,Кальцитонин,Сыв-ка крови,пг/мл,0,40,0-6 месяцев,,,ИХЛА,,,""Кальцитонин,",13,Кальцитонин,Кальцитонин,Сыв-ка крови,пг/мл,ИХЛА
1742,invalid_column_count,invalid_column_count,"Тиреокальцитонин,",2,Тиреокальцитонин,,,,
1743,invalid_column_count,invalid_column_count,"Кальцитонин в сыворотке"",""Calcitonin,",2,"Кальцитонин в сыворотке,Calcitonin",,,,
1744,invalid_column_count,invalid_column_count,"Thyrocalcitonin,",2,Thyrocalcitonin,,,,
1745,invalid_column_count,invalid_column_count,"Serum calcitonin""",1,Serum calcitonin,,,,
1746,needs_review,unit_conflict_for_same_test_context,",,,пг/мл,0,15,7 месяцев - 3 года,,,,,,,",14,Соотношение Пепсиноген-I / Пепсиноген-II,Соотношение Пепсиноген-I / Пепсиноген-II,Сыв-ка крови,пг/мл,Расчетный
1749,invalid_column_count,invalid_column_count,"Остаза (костная щелочная фосфатаза),Остаза (костная щелочная фосфатаза),Сыв-ка крови,Мкг/л,3.7,20.9,муж.,,,ИХЛА,,,""Остаза,",13,Остаза (костная щелочная фосфатаза),Остаза (костная щелочная фосфатаза),Сыв-ка крови,Мкг/л,ИХЛА
1750,invalid_column_count,invalid_column_count,"Костная ЩФ,",2,Костная ЩФ,,,,
1751,invalid_column_count,invalid_column_count,"BAP,",2,BAP,,,,
1752,invalid_column_count,invalid_column_count,"Костно-специфическая щелочная фосфатаза"",""Ostase,",2,"Костно-специфическая щелочная фосфатаза,Ostase",,,,
1753,invalid_column_count,invalid_column_count,"Bone ALP,",2,Bone ALP,,,,
1754,invalid_column_count,invalid_column_count,"BAP,",2,BAP,,,,
1755,invalid_column_count,invalid_column_count,"Bone-specific alkaline phosphatase""",1,Bone-specific alkaline phosphatase,,,,
1756,needs_review,unit_conflict_for_same_test_context,",,,Мкг/л,2.9,14.5,жен. пременопауза,,,,,,,",14,Соотношение Пепсиноген-I / Пепсиноген-II,Соотношение Пепсиноген-I / Пепсиноген-II,Сыв-ка крови,Мкг/л,Расчетный
1758,invalid_column_count,invalid_column_count,"Остеокальцин,Остеокальцин,Сыв-ка крови,нг/мл,0,70,0-30 лет муж.,,,ЭХЛА,,,""Остеокальцин,",13,Остеокальцин,Остеокальцин,Сыв-ка крови,нг/мл,ЭХЛА
1759,invalid_column_count,invalid_column_count,"ОК,",2,ОК,,,,
1760,invalid_column_count,invalid_column_count,"Костный Gla-белок,",2,Костный Gla-белок,,,,
1761,invalid_column_count,invalid_column_count,"Белок костного матрикса"",""Osteocalcin,",2,"Белок костного матрикса,Osteocalcin",,,,
1762,invalid_column_count,invalid_column_count,"Bone Gla protein,",2,Bone Gla protein,,,,
1763,invalid_column_count,invalid_column_count,"BGP,",2,BGP,,,,
1764,invalid_column_count,invalid_column_count,"Bone matrix protein""",1,Bone matrix protein,,,,
1765,needs_review,unit_conflict_for_same_test_context,",,,нг/мл,0,42,31-50 лет муж.,,,,,,,",14,Соотношение Пепсиноген-I / Пепсиноген-II,Соотношение Пепсиноген-I / Пепсиноген-II,Сыв-ка крови,нг/мл,Расчетный
1769,invalid_column_count,invalid_column_count,"С-концевые телопептиды коллагена (β-Cross Laps),С-концевые телопептиды коллагена (β-Cross Laps),Сыв-ка крови,нг/мл,0,0.584,30-50 лет муж.,,,ЭХЛА,,,""β-CrossLaps,",13,С-концевые телопептиды коллагена (β-Cross Laps),С-концевые телопептиды коллагена (β-Cross Laps),Сыв-ка крови,нг/мл,ЭХЛА
1770,invalid_column_count,invalid_column_count,"β-CTX,",2,β-CTX,,,,
1771,invalid_column_count,invalid_column_count,"С-концевые телопептиды,",2,С-концевые телопептиды,,,,
1772,invalid_column_count,invalid_column_count,"Коллагеновые маркеры"",""Beta-CrossLaps,",2,"Коллагеновые маркеры,Beta-CrossLaps",,,,
1773,invalid_column_count,invalid_column_count,"β-CTX,",2,β-CTX,,,,
1774,invalid_column_count,invalid_column_count,"C-terminal telopeptides,",2,C-terminal telopeptides,,,,
1775,invalid_column_count,invalid_column_count,"Collagen markers""",1,Collagen markers,,,,
1780,invalid_column_count,invalid_column_count,"Маркер формирования костного матрикса P1NP (N-терминальный пропептид проколлагена 1 типа),Маркер формирования костного матрикса P1NP (N-терминальный пропептид проколлагена 1 типа),Сыв-ка крови,нг/мл,0,36.4,муж.,,,ЭХЛА,,,""P1NP,",13,Маркер формирования костного матрикса P1NP (N-терминальный пропептид проколлагена 1 типа),Маркер формирования костного матрикса P1NP (N-терминальный пропептид проколлагена 1 типа),Сыв-ка крови,нг/мл,ЭХЛА
1781,invalid_column_count,invalid_column_count,"PINP,",2,PINP,,,,
1782,invalid_column_count,invalid_column_count,"N-терминальный пропептид,",2,N-терминальный пропептид,,,,
1783,invalid_column_count,invalid_column_count,"Проколлаген 1 типа"",""P1NP,",2,"Проколлаген 1 типа,P1NP",,,,
1784,invalid_column_count,invalid_column_count,"PINP,",2,PINP,,,,
1785,invalid_column_count,invalid_column_count,"N-terminal propeptide,",2,N-terminal propeptide,,,,
1786,invalid_column_count,invalid_column_count,"Procollagen type 1""",1,Procollagen type 1,,,,
1790,invalid_column_count,invalid_column_count,"Соматотропный гормон (СТГ),Соматотропный гормон (СТГ),Сыв-ка крови,мМе/л,3.0,70.2,новорожденные муж.,,,ИХЛА,Гормональные исследования,Гормоны роста		,""Гормон роста,",13,Соматотропный гормон (СТГ),Соматотропный гормон (СТГ),Сыв-ка крови,мМе/л,ИХЛА
1791,invalid_column_count,invalid_column_count,"GH,",2,GH,,,,
1792,invalid_column_count,invalid_column_count,"Соматотропин,",2,Соматотропин,,,,
1793,invalid_column_count,invalid_column_count,"ГР,",2,ГР,,,,
1794,invalid_column_count,invalid_column_count,"Гипофизарный гормон роста,",2,Гипофизарный гормон роста,,,,
1795,invalid_column_count,invalid_column_count,"STH"",""Growth hormone,",2,"STH,Growth hormone",,,,
1796,invalid_column_count,invalid_column_count,"GH,",2,GH,,,,
1797,invalid_column_count,invalid_column_count,"Somatotropin,",2,Somatotropin,,,,
1798,invalid_column_count,invalid_column_count,"STH,",2,STH,,,,
1799,invalid_column_count,invalid_column_count,"Pituitary growth hormone,",2,Pituitary growth hormone,,,,
1800,invalid_column_count,invalid_column_count,"Human growth hormone (hGH)""",1,Human growth hormone (hGH),,,,
1801,needs_review,unit_conflict_for_same_test_context,",,,мМе/л,6.2,62.4,новорожденные жен.,,,,,,,",14,Соотношение Пепсиноген-I / Пепсиноген-II,Соотношение Пепсиноген-I / Пепсиноген-II,Сыв-ка крови,мМе/л,Расчетный
1828,invalid_column_count,invalid_column_count,"Лептин,Лептин,Сыв-ка крови,нг/мл,2.0,5.6,муж.,,,ИФА,Гормональные исследования,Гормоны жировой ткани		,""Гормон насыщения,",13,Лептин,Лептин,Сыв-ка крови,нг/мл,ИФА
1829,invalid_column_count,invalid_column_count,"Жировой гормон,",2,Жировой гормон,,,,
1830,invalid_column_count,invalid_column_count,"LEP,",2,LEP,,,,
1831,invalid_column_count,invalid_column_count,"Белковый гормон адипоцитов,",2,Белковый гормон адипоцитов,,,,
1832,invalid_column_count,invalid_column_count,"Регулятор энергетического обмена"",""Leptin,",2,"Регулятор энергетического обмена,Leptin",,,,
1833,invalid_column_count,invalid_column_count,"Satiety hormone,",2,Satiety hormone,,,,
1834,invalid_column_count,invalid_column_count,"Fat hormone,",2,Fat hormone,,,,
1835,invalid_column_count,invalid_column_count,"Adipocyte hormone,",2,Adipocyte hormone,,,,
1836,invalid_column_count,invalid_column_count,"Energy metabolism regulator""",1,Energy metabolism regulator,,,,
1838,invalid_column_count,invalid_column_count,"Серотонин,Серотонин,Сыв-ка крови,нг/мл,50.0,220.0,,,,ВЭЖХ-МС,,,""5-гидрокситриптамин,",13,Серотонин,Серотонин,Сыв-ка крови,нг/мл,ВЭЖХ-МС
1839,invalid_column_count,invalid_column_count,"5-НТ,",2,5-НТ,,,,
1840,invalid_column_count,invalid_column_count,"Гормон хорошего настроения,",2,Гормон хорошего настроения,,,,
1841,invalid_column_count,invalid_column_count,"Нейромедиатор счастья,",2,Нейромедиатор счастья,,,,
1842,invalid_column_count,invalid_column_count,"Энтерамин"",""Serotonin,",2,"Энтерамин,Serotonin",,,,
1843,invalid_column_count,invalid_column_count,"5-HT,",2,5-HT,,,,
1844,invalid_column_count,invalid_column_count,"5-hydroxytryptamine,",2,5-hydroxytryptamine,,,,
1845,invalid_column_count,invalid_column_count,"Happiness neurotransmitter,",2,Happiness neurotransmitter,,,,
1846,invalid_column_count,invalid_column_count,"Enteramine""",1,Enteramine,,,,
1847,invalid_column_count,invalid_column_count,"Гистамин,Гистамин,Плазма ЭДТА,нмоль/л,0,9.3,,,,ВЭЖХ-МС,,,""2-(4-имидазолил)этиламин,",13,Гистамин,Гистамин,Плазма ЭДТА,нмоль/л,ВЭЖХ-МС
1848,invalid_column_count,invalid_column_count,"Медиатор аллергии,",2,Медиатор аллергии,,,,
1849,invalid_column_count,invalid_column_count,"Гистамин сывороточный,",2,Гистамин сывороточный,,,,
1850,invalid_column_count,invalid_column_count,"Тканевый гормон"",""Histamine,",2,"Тканевый гормон,Histamine",,,,
1851,invalid_column_count,invalid_column_count,"2-(1H-imidazol-4-yl)ethanamine,",2,2-(1H-imidazol-4-yl)ethanamine,,,,
1852,invalid_column_count,invalid_column_count,"Allergy mediator,",2,Allergy mediator,,,,
1853,invalid_column_count,invalid_column_count,"Tissue hormone""",1,Tissue hormone,,,,
1854,invalid_column_count,invalid_column_count,"Эритропоэтин,Эритропоэтин,Сыв-ка крови,мМЕ/мл,4.3,29.0,,,,ИХЛА,Гормональные исследования,Биогенные амины		,""ЭПО,",13,Эритропоэтин,Эритропоэтин,Сыв-ка крови,мМЕ/мл,ИХЛА
1855,invalid_column_count,invalid_column_count,"Гормон кроветворения,",2,Гормон кроветворения,,,,
1856,invalid_column_count,invalid_column_count,"Почечный гормон,",2,Почечный гормон,,,,
1857,invalid_column_count,invalid_column_count,"Гемопоэтин,",2,Гемопоэтин,,,,
1858,invalid_column_count,invalid_column_count,"Стимулятор эритропоэза"",""Erythropoietin,",2,"Стимулятор эритропоэза,Erythropoietin",,,,
1859,invalid_column_count,invalid_column_count,"EPO,",2,EPO,,,,
1860,invalid_column_count,invalid_column_count,"Hematopoietin,",2,Hematopoietin,,,,
1861,invalid_column_count,invalid_column_count,"Kidney hormone,",2,Kidney hormone,,,,
1862,invalid_column_count,invalid_column_count,"Erythropoiesis stimulator""",1,Erythropoiesis stimulator,,,,
2022,invalid_column_count,invalid_column_count,"""Прогастрин-высвобождающий пептид (Pro-GRP)",1,Прогастрин-высвобождающий пептид (Pro-GRP),,,,
2023,invalid_column_count,invalid_column_count,""",""Прогастрин-высвобождающий пептид (Pro-GRP)",1,",Прогастрин-высвобождающий пептид (Pro-GRP)",,,,
2024,invalid_column_count,invalid_column_count,""",Сыв-ка крови,пг/мл,0,50.0,,,,ИХЛА,МАРКЕРЫ ОПУХОЛЕВОГО РОСТА		,МАРКЕРЫ ОПУХОЛЕВОГО РОСТА		,""Прогастрин-рилизинг пептид, ProGRP, Предшественник гастрин-рилизинг пептида, Маркер мелкоклеточного рака легкого, Нейроэндокринный онкомаркер, Прогастрин-высвобождающий белок, Пептид-предшественник GRP"",""Pro-Gastrin-Releasing Peptide, ProGRP, GRP precursor, Small cell lung cancer marker, Neuroendocrine tumor marker, Pro-gastrin-releasing protein, GRP propeptide""",13,",Сыв-ка крови,пг/мл,0,50.0,,,,ИХЛА,МАРКЕРЫ ОПУХОЛЕВОГО РОСТА ,МАРКЕРЫ ОПУХОЛЕВОГО РОСТА ,Прогастрин-рилизинг пептид",ProGRP,Предшественник гастрин-рилизинг пептида,Маркер мелкоклеточного рака легкого,Small cell lung cancer marker
2081,invalid_column_count,invalid_column_count,"Ат к вирусу паротита IgM (Mumps IgM),""Ат к вирусу паротита IgM (Mumps IgM)",2,Ат к вирусу паротита IgM (Mumps IgM),Ат к вирусу паротита IgM (Mumps IgM),,,
2083,invalid_column_count,invalid_column_count,",""Ат к вирусу паротита IgM (Mumps IgM)",2,,Ат к вирусу паротита IgM (Mumps IgM),,,
2084,invalid_column_count,invalid_column_count," Качественный"",,,,отрицательный,,,,,,,,",1,"Качественный,,,,отрицательный,,,,,,,,",,,,
2101,invalid_column_count,invalid_column_count,"Ат к Chlamydia trachomatis IgG,""Ат к Chlamydia trachomatis IgG",2,Ат к Chlamydia trachomatis IgG,Ат к Chlamydia trachomatis IgG,,,
2102,invalid_column_count,invalid_column_count," Полу-количественный"",Сыв-ка крови,,,,,,,,БАКТЕРИАЛЬНЫЕ ИНФЕКЦИИ		,Бактериальные инфекции половых органов		,Антитела класса IgG к Chlamydia trachomatis; Иммуноглобулины класса G к Chlamydia trachomatis; IgG антитела к хламидиям; Антитела IgG к возбудителю хламидиоза; Иммуноглобулины G к Chlamydia trachomatis; Антитела к хламидиям класса G; Серологический маркер IgG к Chlamydia trachomatis,""Anti-Chlamydia tr.-IgG; Chlamydia trachomatis IgG antibodies; Chlamydia tr. Antibodies, IgG; Anti-Chlamydia trachomatis IgG; Chlamydia trachomatis immunoglobulin G; IgG antibodies to Chlamydia trachomatis; Serological marker IgG for Chlamydia trachomatis""",2,"Полу-количественный,Сыв-ка крови,,,,,,,,БАКТЕРИАЛЬНЫЕ ИНФЕКЦИИ ,Бактериальные инфекции половых органов ,Антитела класса IgG к Chlamydia trachomatis; Иммуноглобулины класса G к Chlamydia trachomatis; IgG антитела к хламидиям; Антитела IgG к возбудителю хламидиоза; Иммуноглобулины G к Chlamydia trachomatis; Антитела к хламидиям класса G; Серологический маркер IgG к Chlamydia trachomatis,Anti-Chlamydia tr.-IgG; Chlamydia trachomatis IgG antibodies; Chlamydia tr. Antibodies",IgG; Anti-Chlamydia trachomatis IgG; Chlamydia trachomatis immunoglobulin G; IgG antibodies to Chlamydia trachomatis; Serological marker IgG for Chlamydia trachomatis,,,
2103,invalid_column_count,invalid_column_count,",""Ат к Chlamydia trachomatis IgG",2,,Ат к Chlamydia trachomatis IgG,,,
2104,invalid_column_count,invalid_column_count," Качественный"",,,,,,,,,,,,",1,"Качественный,,,,,,,,,,,,",,,,
2215,invalid_column_count,invalid_column_count,",,,ед/мл,2,4,""",7,,,,ед/мл,
2216,invalid_column_count,invalid_column_count,"2-4 ед/мл - Выраженная, Увеличивается в 2-4 раза"",,,,,,,",2,2-4 ед/мл - Выраженная,"Увеличивается в 2-4 раза,,,,,,,",,,
2220,invalid_column_count,invalid_column_count,",,,ед/мл,2,4,""",7,,,,ед/мл,
2221,invalid_column_count,invalid_column_count,"2-4 ед/мл - Выраженная, Увеличивается в 2-4 раза"",,,,,,,",2,2-4 ед/мл - Выраженная,"Увеличивается в 2-4 раза,,,,,,,",,,
2225,invalid_column_count,invalid_column_count,",,,ед/мл,2,4,""",7,,,,ед/мл,
2226,invalid_column_count,invalid_column_count,"2-4 ед/мл - Выраженная, Увеличивается в 2-4 раза"",,,,,,,",2,2-4 ед/мл - Выраженная,"Увеличивается в 2-4 раза,,,,,,,",,,
2230,invalid_column_count,invalid_column_count,",,,ед/мл,2,4,""",7,,,,ед/мл,
2231,invalid_column_count,invalid_column_count,"2-4 ед/мл - Выраженная, Увеличивается в 2-4 раза"",,,,,,,",2,2-4 ед/мл - Выраженная,"Увеличивается в 2-4 раза,,,,,,,",,,
2235,invalid_column_count,invalid_column_count,",,,ед/мл,2,4,""",7,,,,ед/мл,
2236,invalid_column_count,invalid_column_count,"2-4 ед/мл - Выраженная, Увеличивается в 2-4 раза"",,,,,,,",2,2-4 ед/мл - Выраженная,"Увеличивается в 2-4 раза,,,,,,,",,,
2240,invalid_column_count,invalid_column_count,",,,ед/мл,2,4,""",7,,,,ед/мл,
2241,invalid_column_count,invalid_column_count,"2-4 ед/мл - Выраженная, Увеличивается в 2-4 раза"",,,,,,,",2,2-4 ед/мл - Выраженная,"Увеличивается в 2-4 раза,,,,,,,",,,
2245,invalid_column_count,invalid_column_count,",,,ед/мл,2,4,""",7,,,,ед/мл,
2246,invalid_column_count,invalid_column_count,"2-4 ед/мл - Выраженная, Увеличивается в 2-4 раза"",,,,,,,",2,2-4 ед/мл - Выраженная,"Увеличивается в 2-4 раза,,,,,,,",,,
2250,invalid_column_count,invalid_column_count,",,,ед/мл,2,4,""",7,,,,ед/мл,
2251,invalid_column_count,invalid_column_count,"2-4 ед/мл - Выраженная, Увеличивается в 2-4 раза"",,,,,,,",2,2-4 ед/мл - Выраженная,"Увеличивается в 2-4 раза,,,,,,,",,,
2255,invalid_column_count,invalid_column_count,",,,ед/мл,2,4,""",7,,,,ед/мл,
2256,invalid_column_count,invalid_column_count,"2-4 ед/мл - Выраженная, Увеличивается в 2-4 раза"",,,,,,,",2,2-4 ед/мл - Выраженная,"Увеличивается в 2-4 раза,,,,,,,",,,
2260,invalid_column_count,invalid_column_count,",,,ед/мл,2,4,""",7,,,,ед/мл,
2261,invalid_column_count,invalid_column_count,"2-4 ед/мл - Выраженная, Увеличивается в 2-4 раза"",,,,,,,",2,2-4 ед/мл - Выраженная,"Увеличивается в 2-4 раза,,,,,,,",,,
2265,invalid_column_count,invalid_column_count,",,,ед/мл,2,4,""",7,,,,ед/мл,
2266,invalid_column_count,invalid_column_count,"2-4 ед/мл - Выраженная, Увеличивается в 2-4 раза"",,,,,,,",2,2-4 ед/мл - Выраженная,"Увеличивается в 2-4 раза,,,,,,,",,,
2270,invalid_column_count,invalid_column_count,",,,ед/мл,2,4,""",7,,,,ед/мл,
2271,invalid_column_count,invalid_column_count,"2-4 ед/мл - Выраженная, Увеличивается в 2-4 раза"",,,,,,,",2,2-4 ед/мл - Выраженная,"Увеличивается в 2-4 раза,,,,,,,",,,
2275,invalid_column_count,invalid_column_count,",,,ед/мл,2,4,""",7,,,,ед/мл,
2276,invalid_column_count,invalid_column_count,"2-4 ед/мл - Выраженная, Увеличивается в 2-4 раза"",,,,,,,",2,2-4 ед/мл - Выраженная,"Увеличивается в 2-4 раза,,,,,,,",,,
2280,invalid_column_count,invalid_column_count,",,,ед/мл,2,4,""",7,,,,ед/мл,
2281,invalid_column_count,invalid_column_count,"2-4 ед/мл - Выраженная, Увеличивается в 2-4 раза"",,,,,,,",2,2-4 ед/мл - Выраженная,"Увеличивается в 2-4 раза,,,,,,,",,,
2285,invalid_column_count,invalid_column_count,",,,ед/мл,2,4,""",7,,,,ед/мл,
2286,invalid_column_count,invalid_column_count,"2-4 ед/мл - Выраженная, Увеличивается в 2-4 раза"",,,,,,,",2,2-4 ед/мл - Выраженная,"Увеличивается в 2-4 раза,,,,,,,",,,
2290,invalid_column_count,invalid_column_count,",,,ед/мл,2,4,""",7,,,,ед/мл,
2291,invalid_column_count,invalid_column_count,"2-4 ед/мл - Выраженная, Увеличивается в 2-4 раза"",,,,,,,",2,2-4 ед/мл - Выраженная,"Увеличивается в 2-4 раза,,,,,,,",,,
2295,invalid_column_count,invalid_column_count,",,,ед/мл,2,4,""",7,,,,ед/мл,
2296,invalid_column_count,invalid_column_count,"2-4 ед/мл - Выраженная, Увеличивается в 2-4 раза"",,,,,,,",2,2-4 ед/мл - Выраженная,"Увеличивается в 2-4 раза,,,,,,,",,,
2300,invalid_column_count,invalid_column_count,",,,ед/мл,2,4,""",7,,,,ед/мл,
2301,invalid_column_count,invalid_column_count,"2-4 ед/мл - Выраженная, Увеличивается в 2-4 раза"",,,,,,,",2,2-4 ед/мл - Выраженная,"Увеличивается в 2-4 раза,,,,,,,",,,
2461,invalid_column_count,invalid_column_count,"Токсины А и В Clostridium difficile (клостридий) в кале,Токсин A Clostridium difficile,Кал,,,не обнаружены,,,,Иммунохроматография,ИССЛЕДОВАНИЕ КАЛА		,Паразитология и инфекционная диагностика кала		,""Токсин А клостридий, Токсины А и В Clostridium difficile (клостридий) в кале;",13,Токсины А и В Clostridium difficile (клостридий) в кале,Токсин A Clostridium difficile,Кал,,Иммунохроматография
2462,invalid_column_count,invalid_column_count,"Энтеротоксин А, Токсины А и В Clostridium difficile (клостридий) в кале;",2,Энтеротоксин А,Токсины А и В Clostridium difficile (клостридий) в кале;,,,
2463,invalid_column_count,invalid_column_count,"Clostridium difficile токсин A, Токсины А и В Clostridium difficile (клостридий) в кале;",2,Clostridium difficile токсин A,Токсины А и В Clostridium difficile (клостридий) в кале;,,,
2464,invalid_column_count,invalid_column_count,"Токсин А C. diff, Токсины А и В Clostridium difficile (клостридий) в кале"",""Clostridium difficile toxin A, Toxins A and B Clostridium difficile (clostridia) in stool;",3,Токсин А C. diff,"Токсины А и В Clostridium difficile (клостридий) в кале,Clostridium difficile toxin A",Toxins A and B Clostridium difficile (clostridia) in stool;,,
2465,invalid_column_count,invalid_column_count,"Enterotoxin A, Toxins A and B Clostridium difficile (clostridia) in stool;",2,Enterotoxin A,Toxins A and B Clostridium difficile (clostridia) in stool;,,,
2466,invalid_column_count,invalid_column_count,"C. diff toxin A, Toxins A and B Clostridium difficile (clostridia) in stool;",2,C. diff toxin A,Toxins A and B Clostridium difficile (clostridia) in stool;,,,
2467,invalid_column_count,invalid_column_count,"CDT A, Toxins A and B Clostridium difficile (clostridia) in stool""",2,CDT A,Toxins A and B Clostridium difficile (clostridia) in stool,,,
2468,invalid_column_count,invalid_column_count,",Токсин B Clostridium difficile,Кал,,,не обнаружены,,,,Иммунохроматография,ИССЛЕДОВАНИЕ КАЛА		,Паразитология и инфекционная диагностика кала		,""Токсин В клостридий, Токсины А и В Clostridium difficile (клостридий) в кале;",13,,Токсин B Clostridium difficile,Кал,,Иммунохроматография
2469,invalid_column_count,invalid_column_count,"Цитотоксин В, Токсины А и В Clostridium difficile (клостридий) в кале;",2,Цитотоксин В,Токсины А и В Clostridium difficile (клостридий) в кале;,,,
2470,invalid_column_count,invalid_column_count,"Clostridium difficile токсин B, Токсины А и В Clostridium difficile (клостридий) в кале;",2,Clostridium difficile токсин B,Токсины А и В Clostridium difficile (клостридий) в кале;,,,
2471,invalid_column_count,invalid_column_count,"Токсин В C. diff, Токсины А и В Clostridium difficile (клостридий) в кале"",""Clostridium difficile toxin B, Toxins A and B Clostridium difficile (clostridia) in stool;",3,Токсин В C. diff,"Токсины А и В Clostridium difficile (клостридий) в кале,Clostridium difficile toxin B",Toxins A and B Clostridium difficile (clostridia) in stool;,,
2472,invalid_column_count,invalid_column_count,"Cytotoxin B, Toxins A and B Clostridium difficile (clostridia) in stool;",2,Cytotoxin B,Toxins A and B Clostridium difficile (clostridia) in stool;,,,
2473,invalid_column_count,invalid_column_count,"C. diff toxin B, Toxins A and B Clostridium difficile (clostridia) in stool;",2,C. diff toxin B,Toxins A and B Clostridium difficile (clostridia) in stool;,,,
2474,invalid_column_count,invalid_column_count,"CDT B, Toxins A and B Clostridium difficile (clostridia) in stool""",2,CDT B,Toxins A and B Clostridium difficile (clostridia) in stool,,,
2849,invalid_column_count,invalid_column_count,"""L-карнитин в крови (свободный и общий), ВЭЖХ-МС"",""L-карнитин свободный (C0) в крови",2,"L-карнитин в крови (свободный и общий), ВЭЖХ-МС",L-карнитин свободный (C0) в крови,,,
2850,invalid_column_count,invalid_column_count,""",Кровь ЭДТА,мкмоль/л,9,52,,,,Высокоэффективная жидкостная хроматография с тандемной масс-спектрометрией,ВЭЖХ-МС,Жирные кислоты,""Профиль карнитина в моче, свободный и общий карнитин мочи, экскреция карнитина с мочой, почечный клиренс карнитина, ВЭЖХ-МС анализ мочи на карнитин, диагностика вторичной карнитинурии, оценка потерь карнитина"",""Urinary carnitine profile, free and total carnitine in urine, urinary carnitine excretion, renal carnitine clearance, HPLC-MS/MS analysis of urinary carnitine, diagnostics of secondary carnitinuria, assessment of carnitine losses""",13,",Кровь ЭДТА,мкмоль/л,9,52,,,,Высокоэффективная жидкостная хроматография с тандемной масс-спектрометрией,ВЭЖХ-МС,Жирные кислоты,Профиль карнитина в моче",свободный и общий карнитин мочи,экскреция карнитина с мочой,почечный клиренс карнитина,renal carnitine clearance
2851,invalid_column_count,invalid_column_count,",""L-карнитин общий (C total) в крови",2,,L-карнитин общий (C total) в крови,,,
2852,invalid_column_count,invalid_column_count,""",Кровь ЭДТА,мкмоль/л,23,68,Новорожденные (от 0 до 2 дней),,,,ВЭЖХ-МС,Жирные кислоты,""Общий L-карнитин плазмы, определение общего карнитина, уровень общего карнитина в крови, скрининг на нарушения метаболизма карнитина, ВЭЖХ-МС анализ общего карнитина, общий карнитин (плазма), оценка карнитинового статуса (общий)"",""Total L-carnitine in plasma, plasma total carnitine assay, blood total carnitine level, carnitine metabolism disorder screening (total), HPLC-MS/MS measurement of total carnitine, total carnitine (EDTA plasma), carnitine status assessment (total)""",13,",Кровь ЭДТА,мкмоль/л,23,68,Новорожденные (от 0 до 2 дней),,,,ВЭЖХ-МС,Жирные кислоты,Общий L-карнитин плазмы",определение общего карнитина,уровень общего карнитина в крови,скрининг на нарушения метаболизма карнитина,carnitine metabolism disorder screening (total)
